tract_geoid,STATEFP,COUNTYFP,centroid_lat,centroid_lon,storm_id,storm_name,storm_time,distance_nm,distance_km,nearest_quadrant,radius_64_nm,within_64kt,storm_tract_id,max_wind_experienced_kt,center_wind_at_approach_kt,distance_to_envelope_edge_nm,nearest_track_point_lat,nearest_track_point_lon,radius_max_wind_at_approach_nm,inside_eyewall,wind_source,first_entry_time,last_exit_time,duration_in_envelope_hours,exposure_window_hours,continuous_exposure,interpolated_points_count,duration_source,lead_time_cat1_hours,lead_time_cat2_hours,lead_time_cat3_hours,lead_time_cat4_hours,lead_time_cat5_hours,max_intensification_rate_kt_per_24h,time_of_max_intensification,cat4_first_time
22109000900,22,109,29.581321579780155,-90.72482074480673,AL072008,GUSTAV,2008-09-01 15:00:00,16.40206802816855,30.37662817634604,NW,30.0,True,AL072008_22109000900,88.55040932085478,88.55040932085478,15.834464094191931,29.373765272399627,-90.9027261511329,25.0,True,rmw_plateau,2008-09-01 14:00:00,2008-09-01 17:15:00,3.5,3.25,True,1105,timeline,153.0,57.0,51.0,45.0,,60.0,2008-08-30 12:00:00,2008-08-30 18:00:00
22003950400,22,003,30.650849978168424,-92.69516870403721,AL072008,GUSTAV,2008-09-02 00:00:00,17.832574408123023,33.02592583400365,SW,,,AL072008_22003950400,55.00689143291717,55.00689143291717,1.5278827945735856,30.874522976604748,-92.49945483040543,25.0,True,rmw_plateau,2008-09-02 00:00:00,2008-09-02 00:00:00,0.25,0.0,True,1105,timeline,162.0,66.0,60.0,54.0,,60.0,2008-08-30 12:00:00,2008-08-30 18:00:00
22003950200,22,003,30.853680337609486,-92.63406179789388,AL072008,GUSTAV,2008-09-02 00:00:00,6.259499562382686,11.592592498089452,NW,,,AL072008_22003950200,53.35793675896921,53.35793675896921,10.411696191094512,30.93219289579577,-92.56536330948087,25.0,True,rmw_plateau,2008-09-02 00:00:00,2008-09-02 00:00:00,0.25,0.0,True,1105,timeline,162.0,66.0,60.0,54.0,,60.0,2008-08-30 12:00:00,2008-08-30 18:00:00
22003950300,22,003,30.810981593583204,-92.6624757726984,AL072008,GUSTAV,2008-09-02 00:00:00,9.31018834142701,17.242467779891218,NW,,,AL072008_22003950300,53.484704185329335,53.484704185329335,7.692848412095575,30.92775877306803,-92.56029574064918,25.0,True,rmw_plateau,2008-09-02 00:00:00,2008-09-02 00:00:00,0.25,0.0,True,1105,timeline,162.0,66.0,60.0,54.0,,60.0,2008-08-30 12:00:00,2008-08-30 18:00:00
22101041300,22,101,29.80852598418601,-91.52579328588124,AL072008,GUSTAV,2008-09-01 18:00:00,4.975230254408422,9.214125881585394,NW,25.0,True,AL072008_22101041300,85.4304890598483,85.4304890598483,25.60896046409489,29.86715963503362,-91.46715963503362,25.0,True,rmw_plateau,2008-09-01 16:15:00,2008-09-01 20:30:00,4.5,4.25,True,1105,timeline,156.0,60.0,54.0,48.0,,60.0,2008-08-30 12:00:00,2008-08-30 18:00:00
22101041400,22,101,29.821490675029384,-91.47855822080055,AL072008,GUSTAV,2008-09-01 18:00:00,2.4211709160277395,4.484008269033501,NW,25.0,True,AL072008_22101041400,85.33537744236561,85.33537744236561,28.016695617990138,29.850024447914965,-91.45002444791497,25.0,True,rmw_plateau,2008-09-01 16:15:00,2008-09-01 20:30:00,4.5,4.25,True,1105,timeline,156.0,60.0,54.0,48.0,,60.0,2008-08-30 12:00:00,2008-08-30 18:00:00
22101041500,22,101,29.787840141774076,-91.49639708164804,AL072008,GUSTAV,2008-09-01 18:00:00,4.6056808997842635,8.529720517642993,SW,30.0,True,AL072008_22101041500,85.28848610370889,85.28848610370889,26.077609274991502,29.842118611711058,-91.44211861171107,25.0,True,rmw_plateau,2008-09-01 16:15:00,2008-09-01 20:15:00,4.25,4.0,True,1105,timeline,156.0,60.0,54.0,48.0,,60.0,2008-08-30 12:00:00,2008-08-30 18:00:00
22101041600,22,101,29.783728165317083,-91.50938964962658,AL072008,GUSTAV,2008-09-01 18:00:00,5.331365261352732,9.873687875106505,SW,30.0,True,AL072008_22101041600,85.31506941016694,85.31506941016694,25.293039571601145,29.84655890747183,-91.44655890747184,25.0,True,rmw_plateau,2008-09-01 16:15:00,2008-09-01 20:15:00,4.25,4.0,True,1105,timeline,156.0,60.0,54.0,48.0,,60.0,2008-08-30 12:00:00,2008-08-30 18:00:00
22109001000,22,109,29.55832528356924,-90.60707073087961,AL072008,GUSTAV,2008-09-01 15:00:00,19.952304241768825,36.9516652517639,NE,35.0,True,AL072008_22109001000,90.90637779563035,90.90637779563035,13.611170748323506,29.305843304769837,-90.82348385556482,25.0,True,rmw_plateau,2008-09-01 13:30:00,2008-09-01 16:45:00,3.5,3.25,True,1105,timeline,153.0,57.0,51.0,45.0,,60.0,2008-08-30 12:00:00,2008-08-30 18:00:00
22109000102,22,109,29.702239528162963,-90.78489254505944,AL072008,GUSTAV,2008-09-01 15:00:00,19.564880503869663,36.234156531970655,NW,30.0,True,AL072008_22109000102,87.87599558015539,87.87599558015539,11.47942795154593,29.454660116545444,-90.99710346930303,25.0,True,rmw_plateau,2008-09-01 15:15:00,2008-09-01 17:30:00,2.5,2.25,True,1105,timeline,153.0,57.0,51.0,45.0,,60.0,2008-08-30 12:00:00,2008-08-30 18:00:00
22109001201,22,109,29.511969146544377,-90.61927960546628,AL072008,GUSTAV,2008-09-01 15:00:00,17.363806240355892,32.15776723908048,NE,35.0,True,AL072008_22109001201,90.82849388094621,90.82849388094621,16.293034115428906,29.292242737708012,-90.80761652732602,25.0,True,rmw_plateau,2008-09-01 13:00:00,2008-09-01 16:45:00,4.0,3.75,True,1105,timeline,153.0,57.0,51.0,45.0,,60.0,2008-08-30 12:00:00,2008-08-30 18:00:00
22109001400,22,109,29.341480958575175,-91.01043404353061,AL072008,GUSTAV,2008-09-01 15:00:00,5.676446738975937,10.512778733545934,NW,30.0,True,AL072008_22109001400,88.22067493669904,88.22067493669904,40.50089962916704,29.41331228631755,-90.94886433403714,25.0,True,rmw_plateau,2008-09-01 13:00:00,2008-09-01 17:45:00,5.0,4.75,True,1105,timeline,153.0,57.0,51.0,45.0,,60.0,2008-08-30 12:00:00,2008-08-30 18:00:00
22109000101,22,109,29.734524417859266,-90.83806632317909,AL072008,GUSTAV,2008-09-01 18:00:00,18.959329277722812,35.11267572803771,SE,30.0,True,AL072008_22109000101,87.54305563988652,87.54305563988652,11.382544250562145,29.49460781901712,-91.04370912218664,25.0,True,rmw_plateau,2008-09-01 15:15:00,2008-09-01 17:30:00,2.5,2.25,True,1105,timeline,156.0,60.0,54.0,48.0,,60.0,2008-08-30 12:00:00,2008-08-30 18:00:00
22109001300,22,109,29.25701178958165,-90.78697399681147,AL072008,GUSTAV,2008-09-01 15:00:00,0.7989209512415578,1.4796015134481368,NW,30.0,True,AL072008_22109001300,90.66264230056154,90.66264230056154,49.643610629344046,29.267121556364952,-90.77830848242579,25.0,True,rmw_plateau,2008-09-01 12:00:00,2008-09-01 17:00:00,5.25,5.0,True,1105,timeline,153.0,57.0,51.0,45.0,,60.0,2008-08-30 12:00:00,2008-08-30 18:00:00
22109001500,22,109,29.523446772765627,-91.02553578945586,AL072008,GUSTAV,2008-09-01 18:00:00,2.0233928524201175,3.7473233391719543,SE,30.0,True,AL072008_22109001500,87.51610194985801,87.51610194985801,27.374401933815587,29.49784219972598,-91.04748256634699,25.0,True,rmw_plateau,2008-09-01 14:30:00,2008-09-01 17:45:00,3.5,3.25,True,1105,timeline,156.0,60.0,54.0,48.0,,60.0,2008-08-30 12:00:00,2008-08-30 18:00:00
22109001700,22,109,29.646808862606033,-90.82169185005577,AL072008,GUSTAV,2008-09-01 15:00:00,15.60279436156613,28.896373434088545,NW,30.0,True,AL072008_22109001700,87.9201172955513,87.9201172955513,15.321643587724656,29.449366785366582,-90.99092791626101,25.0,True,rmw_plateau,2008-09-01 14:45:00,2008-09-01 17:30:00,3.0,2.75,True,1105,timeline,153.0,57.0,51.0,45.0,,60.0,2008-08-30 12:00:00,2008-08-30 18:00:00
22109001600,22,109,29.634740315965264,-90.98039294322201,AL072008,GUSTAV,2008-09-01 18:00:00,8.856128795051289,16.401549550160173,SE,30.0,True,AL072008_22109001600,87.30919410020556,87.30919410020556,20.481683991571618,29.522672411647928,-91.0764511469226,25.0,True,rmw_plateau,2008-09-01 15:00:00,2008-09-01 18:00:00,3.25,3.0,True,1105,timeline,156.0,60.0,54.0,48.0,,60.0,2008-08-30 12:00:00,2008-08-30 18:00:00
22109001100,22,109,29.336247648250733,-90.50285089890518,AL072008,GUSTAV,2008-09-01 15:00:00,14.144826137267668,26.19621644373938,NE,35.0,True,AL072008_22109001100,90.38033909105705,90.38033909105705,21.954408978765404,29.169549273577953,-90.66954927357796,25.0,True,rmw_plateau,2008-09-01 11:30:00,2008-09-01 16:15:00,5.0,4.75,True,1105,timeline,153.0,57.0,51.0,45.0,,60.0,2008-08-30 12:00:00,2008-08-30 18:00:00
22109001202,22,109,29.183112226675505,-90.62043896284503,AL072008,GUSTAV,2008-09-01 15:00:00,2.659001391217498,4.924470282813458,SE,50.0,True,AL072008_22109001202,90.60236037675502,90.60236037675502,34.13240556376734,29.151775594760267,-90.65177559476027,25.0,True,rmw_plateau,2008-09-01 11:15:00,2008-09-01 16:30:00,5.5,5.25,True,1105,timeline,153.0,57.0,51.0,45.0,,60.0,2008-08-30 12:00:00,2008-08-30 18:00:00
22109000201,22,109,29.654921219695645,-90.78442603629826,AL072008,GUSTAV,2008-09-01 15:00:00,17.427492209520516,32.275713646938414,NW,30.0,True,AL072008_22109000201,88.04496931232549,88.04496931232549,13.844501346734315,29.434388910983174,-90.97345372948037,25.0,True,rmw_plateau,2008-09-01 14:45:00,2008-09-01 17:30:00,3.0,2.75,True,1105,timeline,153.0,57.0,51.0,45.0,,60.0,2008-08-30 12:00:00,2008-08-30 18:00:00
22109000202,22,109,29.659245960170914,-90.74289692409192,AL072008,GUSTAV,2008-09-01 15:00:00,19.246114753352394,35.6438023972245,NW,30.0,True,AL072008_22109000202,88.20076630186077,88.20076630186077,12.435395901718866,29.415700298564865,-90.95165034832569,25.0,True,rmw_plateau,2008-09-01 14:45:00,2008-09-01 17:15:00,2.75,2.5,True,1105,timeline,153.0,57.0,51.0,45.0,,60.0,2008-08-30 12:00:00,2008-08-30 18:00:00
22109000300,22,109,29.613348176826758,-90.75175779842287,AL072008,GUSTAV,2008-09-01 15:00:00,16.80922821652191,31.13068880020031,NW,30.0,True,AL072008_22109000300,88.3263303250788,88.3263303250788,14.997134307273468,29.400639551759102,-90.9340794770523,25.0,True,rmw_plateau,2008-09-01 14:15:00,2008-09-01 17:15:00,3.25,3.0,True,1105,timeline,153.0,57.0,51.0,45.0,,60.0,2008-08-30 12:00:00,2008-08-30 18:00:00
22109000700,22,109,29.580980176673037,-90.67725205105228,AL072008,GUSTAV,2008-09-01 15:00:00,18.243953006897854,33.78779895349251,NE,35.0,True,AL072008_22109000700,88.7476217764012,88.7476217764012,14.486380858740837,29.35011614711088,-90.8751355049627,25.0,True,rmw_plateau,2008-09-01 13:45:00,2008-09-01 17:00:00,3.5,3.25,True,1105,timeline,153.0,57.0,51.0,45.0,,60.0,2008-08-30 12:00:00,2008-08-30 18:00:00
22109000500,22,109,29.631530038714654,-90.71710365213468,AL072008,GUSTAV,2008-09-01 15:00:00,18.990667304952787,35.17071375100593,NW,30.0,True,AL072008_22109000500,88.40489357041288,88.40489357041288,13.088508512933238,29.391216879804517,-90.92308635977194,25.0,True,rmw_plateau,2008-09-01 14:15:00,2008-09-01 17:15:00,3.25,3.0,True,1105,timeline,153.0,57.0,51.0,45.0,,60.0,2008-08-30 12:00:00,2008-08-30 18:00:00
22109000600,22,109,29.611319232537888,-90.68439831372902,AL072008,GUSTAV,2008-09-01 15:00:00,19.347017149244458,35.83067362327062,NE,35.0,True,AL072008_22109000600,88.61101999713381,88.61101999713381,13.166003718857837,29.366496724093913,-90.89424617810957,25.0,True,rmw_plateau,2008-09-01 14:00:00,2008-09-01 17:00:00,3.25,3.0,True,1105,timeline,153.0,57.0,51.0,45.0,,60.0,2008-08-30 12:00:00,2008-08-30 18:00:00
22109000800,22,109,29.57899070162836,-90.69526941677677,AL072008,GUSTAV,2008-09-01 15:00:00,17.44978891196918,32.31700713741038,NE,35.0,True,AL072008_22109000800,88.68040518520115,88.68040518520115,15.10354242919588,29.35817624427347,-90.88453895165239,25.0,True,rmw_plateau,2008-09-01 13:45:00,2008-09-01 17:00:00,3.5,3.25,True,1105,timeline,153.0,57.0,51.0,45.0,,60.0,2008-08-30 12:00:00,2008-08-30 18:00:00
22009030600,22,009,30.929128328318956,-92.1873901061644,AL072008,GUSTAV,2008-09-02 00:00:00,14.795446438339079,27.401165169454146,NE,,,AL072008_22009030600,58.75361796325779,58.75361796325779,3.250989015546457,30.74354985869766,-92.34977126708304,25.0,True,rmw_plateau,2008-09-01 23:30:00,2008-09-02 00:00:00,0.75,0.5,True,1105,timeline,162.0,66.0,60.0,54.0,,60.0,2008-08-30 12:00:00,2008-08-30 18:00:00
22075050100,22,075,29.435424455172303,-89.48082579282543,AL072008,GUSTAV,2008-09-01 12:00:00,59.32338951278045,109.86691082462809,NE,70.0,True,AL072008_22075050100,72.57556894764477,93.69916063382881,13.012891838023556,28.62250399451813,-90.04361688097063,25.0,False,rmw_decay_to_64kt,2008-09-01 12:00:00,2008-09-01 12:45:00,1.0,0.75,True,1105,timeline,150.0,54.0,48.0,42.0,,60.0,2008-08-30 12:00:00,2008-08-30 18:00:00
22097961000,22,097,30.49936585784924,-92.4277240129499,AL072008,GUSTAV,2008-09-02 00:00:00,13.931056687774646,25.800315446891926,SW,,,AL072008_22097961000,59.10605554298502,59.10605554298502,8.834481131482107,30.663544935399567,-92.26354493539957,25.0,True,rmw_plateau,2008-09-01 22:00:00,2008-09-02 00:00:00,2.25,2.0,True,1105,timeline,162.0,66.0,60.0,54.0,,60.0,2008-08-30 12:00:00,2008-08-30 18:00:00
22057020703,22,057,29.807349692456164,-90.81172539824965,AL072008,GUSTAV,2008-09-01 18:00:00,23.30546031390439,43.16170992695919,NE,25.0,True,AL072008_22057020703,87.3944904732218,87.3944904732218,6.96776746124165,29.512435948881258,-91.06450860702815,25.0,True,rmw_plateau,2008-09-01 15:45:00,2008-09-01 17:30:00,2.0,1.75,True,1105,timeline,156.0,60.0,54.0,48.0,,60.0,2008-08-30 12:00:00,2008-08-30 18:00:00
22057021000,22,057,29.73036829791021,-90.48350342874099,AL072008,GUSTAV,2008-09-01 15:00:00,32.61478396990408,60.40257630953453,NE,35.0,True,AL072008_22057021000,68.83506019484477,89.01838331540186,1.4164664272094178,29.31765179684575,-90.83726042965338,25.0,False,rmw_decay_to_64kt,2008-09-01 16:00:00,2008-09-01 16:00:00,0.25,0.0,True,1105,timeline,153.0,57.0,51.0,45.0,,60.0,2008-08-30 12:00:00,2008-08-30 18:00:00
22109990000,22,109,29.091553203603635,-90.90413175738355,AL072008,GUSTAV,2008-09-01 15:00:00,12.911167975375552,23.9114816641888,SW,40.0,True,AL072008_22109990000,90.56973419775946,90.56973419775946,38.129487721719585,29.254934695762824,-90.76409047838996,25.0,True,rmw_plateau,2008-09-01 12:00:00,2008-09-01 17:00:00,5.25,5.0,True,1105,timeline,153.0,57.0,51.0,45.0,,60.0,2008-08-30 12:00:00,2008-08-30 18:00:00
22099020302,22,099,30.27517780807543,-91.82147161061883,AL072008,GUSTAV,2008-09-02 00:00:00,2.2785609847984274,4.219894692149939,SE,,,AL072008_22099020302,72.53430268725778,72.53430268725778,18.5158973319335,30.24832470934713,-91.84832470934712,25.0,True,rmw_plateau,2008-09-01 19:15:00,2008-09-01 22:30:00,3.5,3.25,True,1105,timeline,162.0,66.0,60.0,54.0,,60.0,2008-08-30 12:00:00,2008-08-30 18:00:00
22099020501,22,099,30.229991624219515,-91.92635863110472,AL072008,GUSTAV,2008-09-02 00:00:00,4.088505843070654,7.5719123697381105,SE,,,AL072008_22099020501,71.70517193293084,71.70517193293084,21.432125411945858,30.278175127662116,-91.87817512766212,25.0,True,rmw_plateau,2008-09-01 18:45:00,2008-09-01 23:00:00,4.5,4.25,True,1105,timeline,162.0,66.0,60.0,54.0,,60.0,2008-08-30 12:00:00,2008-08-30 18:00:00
22099020301,22,099,30.31130730367927,-91.91578887567077,AL072008,GUSTAV,2008-09-02 00:00:00,0.19013699673385295,0.3521336969479871,SE,,,AL072008_22099020301,70.72278537242015,70.72278537242015,24.76341391284596,30.31354808967502,-91.91354808967502,25.0,True,rmw_plateau,2008-09-01 19:30:00,2008-09-01 23:15:00,4.0,3.75,True,1105,timeline,162.0,66.0,60.0,54.0,,60.0,2008-08-30 12:00:00,2008-08-30 18:00:00
22109000401,22,109,29.617545429063483,-90.73886873351624,AL072008,GUSTAV,2008-09-01 15:00:00,17.503721240062436,32.41688980308157,NW,30.0,True,AL072008_22109000401,88.36460861713665,88.36460861713665,14.41621495224695,29.396048497105497,-90.92872324662308,25.0,True,rmw_plateau,2008-09-01 14:15:00,2008-09-01 17:15:00,3.25,3.0,True,1105,timeline,153.0,57.0,51.0,45.0,,60.0,2008-08-30 12:00:00,2008-08-30 18:00:00
22099020502,22,099,30.28095903519432,-91.89160343863026,AL072008,GUSTAV,2008-09-02 00:00:00,0.45160379107401727,0.8363701711835573,SE,,,AL072008_22099020502,71.48003372812946,71.48003372812946,24.760820169041757,30.286281236912288,-91.8862812369123,25.0,True,rmw_plateau,2008-09-01 19:30:00,2008-09-01 23:00:00,3.75,3.5,True,1105,timeline,162.0,66.0,60.0,54.0,,60.0,2008-08-30 12:00:00,2008-08-30 18:00:00
22109000402,22,109,29.630729135657244,-90.74492151057383,AL072008,GUSTAV,2008-09-01 15:00:00,17.867964510888115,33.09146830041531,NW,30.0,True,AL072008_22109000402,88.29311897623708,88.29311897623708,13.927083683483875,29.404622968561902,-90.93872679665556,25.0,True,rmw_plateau,2008-09-01 14:30:00,2008-09-01 17:15:00,3.0,2.75,True,1105,timeline,153.0,57.0,51.0,45.0,,60.0,2008-08-30 12:00:00,2008-08-30 18:00:00
22057020702,22,057,29.763886126693194,-90.91588281439402,AL072008,GUSTAV,2008-09-01 18:00:00,17.25837548333866,31.962509488730767,SE,30.0,True,AL072008_22057020702,87.11904774179638,87.11904774179638,12.139479034452048,29.545493867829457,-91.10307617913438,25.0,True,rmw_plateau,2008-09-01 15:30:00,2008-09-01 17:45:00,2.5,2.25,True,1105,timeline,156.0,60.0,54.0,48.0,,60.0,2008-08-30 12:00:00,2008-08-30 18:00:00
22057021400,22,057,29.517984682166414,-90.36320808086624,AL072008,GUSTAV,2008-09-01 15:00:00,27.779818496498002,51.4482207868714,NE,35.0,True,AL072008_22057021400,87.24563002561034,90.1174489425966,8.701990425910989,29.190596381516322,-90.69059638151633,25.0,False,rmw_decay_to_64kt,2008-09-01 12:45:00,2008-09-01 16:00:00,3.5,3.25,True,1105,timeline,153.0,57.0,51.0,45.0,,60.0,2008-08-30 12:00:00,2008-08-30 18:00:00
22057021200,22,057,29.256336286598277,-90.32828790525619,AL072008,GUSTAV,2008-09-01 15:00:00,18.160554787374938,33.63334546014849,NE,35.0,True,AL072008_22057021200,91.9700973757317,91.9700973757317,28.49291388102863,29.04231209592723,-90.54231209592723,25.0,True,rmw_plateau,2008-09-01 10:45:00,2008-09-01 15:45:00,5.25,5.0,True,1105,timeline,153.0,57.0,51.0,45.0,,60.0,2008-08-30 12:00:00,2008-08-30 18:00:00
22057021602,22,057,29.542290468925593,-90.48802307934417,AL072008,GUSTAV,2008-09-01 15:00:00,23.87034298758265,44.20787257621267,NE,35.0,True,AL072008_22057021602,90.44430476591998,90.44430476591998,10.999943379432239,29.24022854369149,-90.74693330097341,25.0,True,rmw_plateau,2008-09-01 13:15:00,2008-09-01 16:30:00,3.5,3.25,True,1105,timeline,153.0,57.0,51.0,45.0,,60.0,2008-08-30 12:00:00,2008-08-30 18:00:00
22047953000,22,047,30.106497767403955,-91.17696139244721,AL072008,GUSTAV,2008-09-01 18:00:00,22.46632569701154,41.607632709166985,NE,25.0,True,AL072008_22047953000,85.28612620769034,85.28612620769034,3.270542646298633,29.84172957992558,-91.44172957992559,25.0,True,rmw_plateau,2008-09-01 17:30:00,2008-09-01 19:15:00,2.0,1.75,True,1105,timeline,156.0,60.0,54.0,48.0,,60.0,2008-08-30 12:00:00,2008-08-30 18:00:00
22057020800,22,057,29.833634146554314,-90.69620638586125,AL072008,GUSTAV,2008-09-01 18:00:00,29.01358563667124,53.733157394186584,NE,25.0,False,AL072008_22057020800,75.50859971371662,87.77740866436187,2.3331977559383965,29.466488205672086,-91.01090290661745,25.0,False,rmw_decay_to_64kt,2008-09-01 16:15:00,2008-09-01 17:00:00,1.0,0.75,True,1105,timeline,156.0,60.0,54.0,48.0,,60.0,2008-08-30 12:00:00,2008-08-30 18:00:00
22047952900,22,047,30.170825498970068,-91.31312501232654,AL072008,GUSTAV,2008-09-01 18:00:00,19.418587071481543,35.96322111134787,NE,25.0,True,AL072008_22047952900,81.04974287220561,81.04974287220561,4.679864549549393,29.941975255648302,-91.54197525564831,25.0,True,rmw_plateau,2008-09-01 17:45:00,2008-09-01 20:15:00,2.75,2.5,True,1105,timeline,156.0,60.0,54.0,48.0,,60.0,2008-08-30 12:00:00,2008-08-30 18:00:00
22047952600,22,047,30.44407552325652,-91.55551746586121,AL072008,GUSTAV,2008-09-01 18:00:00,20.727762923252843,38.38781464421279,NW,25.0,True,AL072008_22047952600,73.88246116366905,73.88246116366905,1.6203446622545385,30.199796494558868,-91.79979649455888,25.0,True,rmw_plateau,2008-09-01 20:00:00,2008-09-01 21:30:00,1.75,1.5,True,1105,timeline,156.0,60.0,54.0,48.0,,60.0,2008-08-30 12:00:00,2008-08-30 18:00:00
22047952700,22,047,30.31412105669746,-91.44071603825469,AL072008,GUSTAV,2008-09-01 18:00:00,20.08487392731752,37.197184294756035,NW,25.0,True,AL072008_22047952700,77.28349653153418,77.28349653153418,3.0918136849054996,30.077418547476075,-91.67741854747608,25.0,True,rmw_plateau,2008-09-01 19:00:00,2008-09-01 20:45:00,2.0,1.75,True,1105,timeline,156.0,60.0,54.0,48.0,,60.0,2008-08-30 12:00:00,2008-08-30 18:00:00
22057021800,22,057,29.71246627749299,-90.59666500887222,AL072008,GUSTAV,2008-09-01 15:00:00,27.38057552869369,50.708822854599404,NE,35.0,True,AL072008_22057021800,85.02409811005136,88.61528807179883,5.563963304087018,29.36598489838095,-90.89364904811112,25.0,False,rmw_decay_to_64kt,2008-09-01 15:15:00,2008-09-01 16:45:00,1.75,1.5,True,1105,timeline,153.0,57.0,51.0,45.0,,60.0,2008-08-30 12:00:00,2008-08-30 18:00:00
22057021700,22,057,29.634012199618425,-90.54176625426558,AL072008,GUSTAV,2008-09-01 15:00:00,25.950227086857677,48.059817698319726,NE,35.0,True,AL072008_22057021700,90.905216975559,90.905216975559,7.931253341356822,29.305630845475502,-90.82323598638808,25.0,True,rmw_plateau,2008-09-01 14:15:00,2008-09-01 16:30:00,2.5,2.25,True,1105,timeline,153.0,57.0,51.0,45.0,,60.0,2008-08-30 12:00:00,2008-08-30 18:00:00
22057020202,22,057,29.772255212811864,-90.79027251006666,AL072008,GUSTAV,2008-09-01 18:00:00,22.544398665226225,41.752223837676404,SE,30.0,True,AL072008_22057020202,87.60668913747344,87.60668913747344,8.115411895567124,29.486972153929724,-91.03480084625134,25.0,True,rmw_plateau,2008-09-01 15:30:00,2008-09-01 17:30:00,2.25,2.0,True,1105,timeline,156.0,60.0,54.0,48.0,,60.0,2008-08-30 12:00:00,2008-08-30 18:00:00
22057020900,22,057,29.747449414247594,-90.66420267375159,AL072008,GUSTAV,2008-09-01 15:00:00,26.337070400625443,48.77625147268574,NE,35.0,True,AL072008_22057020900,88.21350057224778,88.21350057224778,5.74436023636888,29.41417283777035,-90.94986831073209,25.0,True,rmw_plateau,2008-09-01 15:30:00,2008-09-01 17:00:00,1.75,1.5,True,1105,timeline,153.0,57.0,51.0,45.0,,60.0,2008-08-30 12:00:00,2008-08-30 18:00:00
22057021100,22,057,29.40770975042596,-90.18358730789959,AL072008,GUSTAV,2008-09-01 15:00:00,30.72191337118587,56.89698016980062,NE,35.0,True,AL072008_22057021100,86.6238744377925,91.9283996463365,16.429574156484627,29.04564852916277,-90.54564852916278,25.0,False,rmw_decay_to_64kt,2008-09-01 11:45:00,2008-09-01 15:15:00,3.75,3.5,True,1105,timeline,153.0,57.0,51.0,45.0,,60.0,2008-08-30 12:00:00,2008-08-30 18:00:00
22057021300,22,057,29.38696341568905,-90.27908672262747,AL072008,GUSTAV,2008-09-01 15:00:00,25.790023907345898,47.76312142756044,NE,35.0,True,AL072008_22057021300,91.46131889048218,91.46131889048218,18.014761951274714,29.083025069158257,-90.58302506915825,25.0,True,rmw_plateau,2008-09-01 11:30:00,2008-09-01 15:45:00,4.5,4.25,True,1105,timeline,153.0,57.0,51.0,45.0,,60.0,2008-08-30 12:00:00,2008-08-30 18:00:00
22057021601,22,057,29.646145596205635,-90.6068584795502,AL072008,GUSTAV,2008-09-01 15:00:00,23.961281253278187,44.3762902342355,NE,35.0,True,AL072008_22057021601,88.80752811809197,88.80752811809197,9.189721585498095,29.342932912994247,-90.86675506515996,25.0,True,rmw_plateau,2008-09-01 14:30:00,2008-09-01 16:45:00,2.5,2.25,True,1105,timeline,153.0,57.0,51.0,45.0,,60.0,2008-08-30 12:00:00,2008-08-30 18:00:00
22099020400,22,099,30.205004888903733,-91.82244457843638,AL072008,GUSTAV,2008-09-01 18:00:00,0.7399033638190673,1.3703009480609458,NW,25.0,True,AL072008_22099020400,73.49549274790658,73.49549274790658,25.134963524091425,30.213724733670052,-91.81372473367006,25.0,True,rmw_plateau,2008-09-01 18:45:00,2008-09-01 22:30:00,4.0,3.75,True,1105,timeline,156.0,60.0,54.0,48.0,,60.0,2008-08-30 12:00:00,2008-08-30 18:00:00
22057020100,22,057,29.79249213676645,-90.82810824314487,AL072008,GUSTAV,2008-09-01 18:00:00,21.988909630930422,40.72345820752158,SE,30.0,True,AL072008_22057020100,87.37947113210289,87.37947113210289,8.184174079186356,29.51423838983149,-91.06661145480341,25.0,True,rmw_plateau,2008-09-01 15:45:00,2008-09-01 17:30:00,2.0,1.75,True,1105,timeline,156.0,60.0,54.0,48.0,,60.0,2008-08-30 12:00:00,2008-08-30 18:00:00
22057020400,22,057,29.784882402939648,-90.8159256066869,AL072008,GUSTAV,2008-09-01 18:00:00,22.11794647468342,40.96243442789833,SE,30.0,True,AL072008_22057020400,87.45648912126411,87.45648912126411,8.216982790597754,29.504995788078553,-91.05582841942498,25.0,True,rmw_plateau,2008-09-01 15:30:00,2008-09-01 17:30:00,2.25,2.0,True,1105,timeline,156.0,60.0,54.0,48.0,,60.0,2008-08-30 12:00:00,2008-08-30 18:00:00
22099020800,22,099,30.13505300131257,-91.78658786119657,AL072008,GUSTAV,2008-09-01 18:00:00,2.186438933488196,4.0492846632994715,NW,25.0,True,AL072008_22099020800,74.96545810317417,74.96545810317417,24.251373017909213,30.160820431254567,-91.76082043125457,25.0,True,rmw_plateau,2008-09-01 18:00:00,2008-09-01 22:15:00,4.5,4.25,True,1105,timeline,156.0,60.0,54.0,48.0,,60.0,2008-08-30 12:00:00,2008-08-30 18:00:00
22099020100,22,099,30.2258157449156,-91.628963050891,AL072008,GUSTAV,2008-09-01 18:00:00,8.351752490378129,15.467444689620416,NW,25.0,True,AL072008_22099020100,75.8945259075908,75.8945259075908,13.704794784095503,30.1273893979033,-91.72738939790331,25.0,True,rmw_plateau,2008-09-01 18:30:00,2008-09-01 21:45:00,3.5,3.25,True,1105,timeline,156.0,60.0,54.0,48.0,,60.0,2008-08-30 12:00:00,2008-08-30 18:00:00
22099020200,22,099,30.367672747487987,-91.88879485046517,AL072008,GUSTAV,2008-09-02 00:00:00,3.3465057522339148,6.197728283472048,SE,,,AL072008_22099020200,70.31497467663263,70.31497467663263,16.94408012470924,30.32823379897658,-91.92823379897658,25.0,True,rmw_plateau,2008-09-01 19:45:00,2008-09-01 23:00:00,3.5,3.25,True,1105,timeline,162.0,66.0,60.0,54.0,,60.0,2008-08-30 12:00:00,2008-08-30 18:00:00
22099021000,22,099,29.846549041707924,-91.27048461393613,AL072008,GUSTAV,2008-09-01 18:00:00,7.177809793842321,13.293302945313366,NE,25.0,True,AL072008_22099021000,85.3684937783166,85.3684937783166,18.45406233169987,29.755719050432972,-91.34833889217181,25.0,True,rmw_plateau,2008-09-01 16:15:00,2008-09-01 19:30:00,3.5,3.25,True,1105,timeline,156.0,60.0,54.0,48.0,,60.0,2008-08-30 12:00:00,2008-08-30 18:00:00
22099020600,22,099,30.117953817302805,-91.89035809876898,AL072008,GUSTAV,2008-09-01 18:00:00,7.314494191819728,13.546442435268952,NW,25.0,True,AL072008_22099020600,73.76133962349877,73.76133962349877,19.06994150965357,30.204155958035894,-91.80415595803589,25.0,True,rmw_plateau,2008-09-01 18:15:00,2008-09-01 22:30:00,4.5,4.25,True,1105,timeline,156.0,60.0,54.0,48.0,,60.0,2008-08-30 12:00:00,2008-08-30 18:00:00
22045031600,22,045,29.64101695932557,-91.83673624151328,AL072008,GUSTAV,2008-09-01 18:00:00,25.274228647110572,46.80786866258092,SW,30.0,True,AL072008_22045031600,81.13593251879006,81.13593251879006,5.7801784777271195,29.93887660041942,-91.53887660041943,25.0,True,rmw_plateau,2008-09-01 17:15:00,2008-09-01 19:45:00,2.75,2.5,True,1105,timeline,156.0,60.0,54.0,48.0,,60.0,2008-08-30 12:00:00,2008-08-30 18:00:00
22045030301,22,045,30.042893495057616,-91.88348615097672,AL072008,GUSTAV,2008-09-01 18:00:00,10.20748191024483,18.904255370224053,NW,25.0,True,AL072008_22045030301,74.89961645548321,74.89961645548321,16.725220635334967,30.163189823017166,-91.76318982301717,25.0,True,rmw_plateau,2008-09-01 18:00:00,2008-09-01 22:00:00,4.25,4.0,True,1105,timeline,156.0,60.0,54.0,48.0,,60.0,2008-08-30 12:00:00,2008-08-30 18:00:00
22045030302,22,045,29.953588093040914,-91.9501516143959,AL072008,GUSTAV,2008-09-01 18:00:00,16.82476530727982,31.159463490567685,NW,25.0,True,AL072008_22045030302,75.21418660914858,75.21418660914858,10.631020545428036,30.151869853718406,-91.7518698537184,25.0,True,rmw_plateau,2008-09-01 18:15:00,2008-09-01 21:45:00,3.75,3.5,True,1105,timeline,156.0,60.0,54.0,48.0,,60.0,2008-08-30 12:00:00,2008-08-30 18:00:00
22113950500,22,113,29.944850162717312,-92.20883774129535,AL072008,GUSTAV,2008-09-01 18:00:00,28.170607166170115,52.171961359936454,NW,25.0,False,AL072008_22113950500,34.0,71.74214462115249,0.0,30.27684395200633,-91.87684395200634,25.0,False,rmw_decay_to_34kt,2008-09-01 20:30:00,2008-09-01 20:45:00,0.5,0.25,True,1105,timeline,156.0,60.0,54.0,48.0,,60.0,2008-08-30 12:00:00,2008-08-30 18:00:00
22099020900,22,099,30.0742099462752,-91.84610214888863,AL072008,GUSTAV,2008-09-01 18:00:00,7.292768526062936,13.506206504687256,NW,25.0,True,AL072008_22099020900,74.98392039584338,74.98392039584338,19.479668840906253,30.160156047581914,-91.76015604758192,25.0,True,rmw_plateau,2008-09-01 18:00:00,2008-09-01 22:15:00,4.5,4.25,True,1105,timeline,156.0,60.0,54.0,48.0,,60.0,2008-08-30 12:00:00,2008-08-30 18:00:00
22075990000,22,075,29.332430181004334,-89.32119225233554,AL072008,GUSTAV,2008-09-01 12:00:00,59.69442448465664,110.55406755155715,NE,70.0,True,AL072008_22075990000,71.18759798148018,93.40924697289744,10.48829154552898,28.51442535273844,-89.88750328728885,25.0,False,rmw_decay_to_64kt,2008-09-01 11:15:00,2008-09-01 12:30:00,1.5,1.25,True,1105,timeline,150.0,54.0,48.0,42.0,,60.0,2008-08-30 12:00:00,2008-08-30 18:00:00
22045030500,22,045,30.02848011313491,-91.82219109319344,AL072008,GUSTAV,2008-09-01 18:00:00,8.218460855380515,15.220588596328634,NW,25.0,True,AL072008_22045030500,75.95160645619946,75.95160645619946,18.921575282850284,30.125335603164174,-91.72533560316417,25.0,True,rmw_plateau,2008-09-01 17:45:00,2008-09-01 22:00:00,4.5,4.25,True,1105,timeline,156.0,60.0,54.0,48.0,,60.0,2008-08-30 12:00:00,2008-08-30 18:00:00
22101040600,22,101,29.67292627758721,-91.27095944640617,AL072008,GUSTAV,2008-09-01 18:00:00,0.7501850174516651,1.3893425694527743,SE,30.0,True,AL072008_22101040600,85.97865391819296,85.97865391819296,35.931791766321055,29.682419326378803,-91.26282254744194,25.0,True,rmw_plateau,2008-09-01 15:15:00,2008-09-01 19:15:00,4.25,4.0,True,1105,timeline,156.0,60.0,54.0,48.0,,60.0,2008-08-30 12:00:00,2008-08-30 18:00:00
22101040700,22,101,29.69703749969281,-91.30602859248549,AL072008,GUSTAV,2008-09-01 18:00:00,1.0211506075385954,1.8911708123620894,SE,30.0,True,AL072008_22101040700,85.74937884642208,85.74937884642208,34.73061303410973,29.709959422039194,-91.29495265904573,25.0,True,rmw_plateau,2008-09-01 15:30:00,2008-09-01 19:30:00,4.25,4.0,True,1105,timeline,156.0,60.0,54.0,48.0,,60.0,2008-08-30 12:00:00,2008-08-30 18:00:00
22113950700,22,113,29.964819675691306,-92.1438003202917,AL072008,GUSTAV,2008-09-01 18:00:00,24.5640683983619,45.49265196034484,NW,25.0,True,AL072008_22113950700,72.36804557036218,72.36804557036218,2.4845391041024243,30.254309997991502,-91.8543099979915,25.0,True,rmw_plateau,2008-09-01 19:30:00,2008-09-01 21:30:00,2.25,2.0,True,1105,timeline,156.0,60.0,54.0,48.0,,60.0,2008-08-30 12:00:00,2008-08-30 18:00:00
22055000200,22,055,30.219989423990373,-92.00336507815034,AL072008,GUSTAV,2008-09-02 00:00:00,7.779970113661775,14.408503791102541,SE,,,AL072008_22055000200,70.77473897319193,70.77473897319193,17.683728239036864,30.311677251070357,-91.91167725107036,25.0,True,rmw_plateau,2008-09-01 19:00:00,2008-09-01 23:00:00,4.25,4.0,True,1105,timeline,162.0,66.0,60.0,54.0,,60.0,2008-08-30 12:00:00,2008-08-30 18:00:00
22055000500,22,055,30.215384436064767,-92.03407999415234,AL072008,GUSTAV,2008-09-02 00:00:00,9.278466728345757,17.1837193559688,SE,,,AL072008_22055000500,70.41220856393129,70.41220856393129,16.167056781121953,30.32473221510855,-91.92473221510855,25.0,True,rmw_plateau,2008-09-01 19:15:00,2008-09-01 23:00:00,4.0,3.75,True,1105,timeline,162.0,66.0,60.0,54.0,,60.0,2008-08-30 12:00:00,2008-08-30 18:00:00
22055000602,22,055,30.226471929517448,-92.04487160631705,AL072008,GUSTAV,2008-09-02 00:00:00,9.265913548436693,17.160470868163877,SE,,,AL072008_22055000602,70.10843802199192,70.10843802199192,16.082194199563403,30.335671767917248,-91.93567176791724,25.0,True,rmw_plateau,2008-09-01 19:15:00,2008-09-01 23:00:00,4.0,3.75,True,1105,timeline,162.0,66.0,60.0,54.0,,60.0,2008-08-30 12:00:00,2008-08-30 18:00:00
22055000700,22,055,30.239867995726634,-92.05244318537711,AL072008,GUSTAV,2008-09-02 00:00:00,9.018801486832258,16.70281935736921,SE,,,AL072008_22055000700,69.81733581002082,69.81733581002082,16.220694488932935,30.346155590551874,-91.94615559055187,25.0,True,rmw_plateau,2008-09-01 19:30:00,2008-09-01 23:15:00,4.0,3.75,True,1105,timeline,162.0,66.0,60.0,54.0,,60.0,2008-08-30 12:00:00,2008-08-30 18:00:00
22055001001,22,055,30.27160568106677,-92.0432915067993,AL072008,GUSTAV,2008-09-02 00:00:00,7.284012696545274,13.48999070938774,SE,,,AL072008_22055001001,69.50378009782315,69.50378009782315,17.74298051873229,30.35744859393304,-91.95744859393304,25.0,True,rmw_plateau,2008-09-01 19:30:00,2008-09-01 23:15:00,4.0,3.75,True,1105,timeline,162.0,66.0,60.0,54.0,,60.0,2008-08-30 12:00:00,2008-08-30 18:00:00
22055001002,22,055,30.280368789980113,-92.01430021461664,AL072008,GUSTAV,2008-09-02 00:00:00,5.682229114467769,10.523487692318069,SE,,,AL072008_22055001002,69.78460203350748,69.78460203350748,19.32993865725317,30.347334502298377,-91.94733450229838,25.0,True,rmw_plateau,2008-09-01 19:30:00,2008-09-01 23:15:00,4.0,3.75,True,1105,timeline,162.0,66.0,60.0,54.0,,60.0,2008-08-30 12:00:00,2008-08-30 18:00:00
22055001003,22,055,30.281833826606793,-91.98411900369855,AL072008,GUSTAV,2008-09-02 00:00:00,4.339592540186984,8.036924905061756,SE,,,AL072008_22055001003,70.18328149101417,70.18328149101417,20.71220283035816,30.33297641515267,-91.93297641515267,25.0,True,rmw_plateau,2008-09-01 19:15:00,2008-09-01 23:15:00,4.25,4.0,True,1105,timeline,162.0,66.0,60.0,54.0,,60.0,2008-08-30 12:00:00,2008-08-30 18:00:00
22055001100,22,055,30.247259755943624,-92.01468128163792,AL072008,GUSTAV,2008-09-02 00:00:00,7.103093768102032,13.15492887389571,SE,,,AL072008_22055001100,70.23898098238905,70.23898098238905,18.14614780275712,30.33097051879077,-91.93097051879077,25.0,True,rmw_plateau,2008-09-01 19:15:00,2008-09-01 23:15:00,4.25,4.0,True,1105,timeline,162.0,66.0,60.0,54.0,,60.0,2008-08-30 12:00:00,2008-08-30 18:00:00
22055001200,22,055,30.25322892534194,-91.98447479697242,AL072008,GUSTAV,2008-09-02 00:00:00,5.568290749959099,10.312473853833987,SE,,,AL072008_22055001200,70.57550076750451,70.57550076750451,19.688398639221717,30.318851861157178,-91.91885186115718,25.0,True,rmw_plateau,2008-09-01 19:15:00,2008-09-01 23:15:00,4.25,4.0,True,1105,timeline,162.0,66.0,60.0,54.0,,60.0,2008-08-30 12:00:00,2008-08-30 18:00:00
22055001300,22,055,30.226167236909696,-91.97153629370514,AL072008,GUSTAV,2008-09-02 00:00:00,6.167486750085121,11.422184779878377,SE,,,AL072008_22055001300,71.130916930795,71.130916930795,19.305027333722645,30.29885176530742,-91.89885176530743,25.0,True,rmw_plateau,2008-09-01 19:00:00,2008-09-01 23:00:00,4.25,4.0,True,1105,timeline,162.0,66.0,60.0,54.0,,60.0,2008-08-30 12:00:00,2008-08-30 18:00:00
22055001401,22,055,30.147165661395253,-92.08444107673047,AL072008,GUSTAV,2008-09-02 00:00:00,14.30938399866249,26.50097758486503,SE,,,AL072008_22055001401,70.66015632854446,70.66015632854446,11.540349779827935,30.31580336906286,-91.91580336906286,25.0,True,rmw_plateau,2008-09-01 19:15:00,2008-09-01 22:45:00,3.75,3.5,True,1105,timeline,162.0,66.0,60.0,54.0,,60.0,2008-08-30 12:00:00,2008-08-30 18:00:00
22055001403,22,055,30.14561042838777,-92.05317387449058,AL072008,GUSTAV,2008-09-02 00:00:00,13.048811903064097,24.16639820306342,SE,,,AL072008_22055001403,71.11590940774784,71.11590940774784,12.864208740620487,30.299392151439175,-91.89939215143917,25.0,True,rmw_plateau,2008-09-01 19:15:00,2008-09-01 22:45:00,3.75,3.5,True,1105,timeline,162.0,66.0,60.0,54.0,,60.0,2008-08-30 12:00:00,2008-08-30 18:00:00
22039950300,22,039,30.58393404510698,-92.51144879736837,AL072008,GUSTAV,2008-09-02 00:00:00,13.595312405803174,25.178517073768088,SW,,,AL072008_22039950300,58.44143714543504,58.44143714543504,9.105815055364896,30.754459299671428,-92.36223919962448,25.0,True,rmw_plateau,2008-09-01 22:30:00,2008-09-02 00:00:00,1.75,1.5,True,1105,timeline,162.0,66.0,60.0,54.0,,60.0,2008-08-30 12:00:00,2008-08-30 18:00:00
22039950600,22,039,30.698043646637352,-92.27270354876345,AL072008,GUSTAV,2008-09-02 00:00:00,1.0750893025541233,1.9910652695726154,SE,,,AL072008_22039950600,59.621085594315765,59.621085594315765,17.24093816583509,30.6853735977004,-92.2853735977004,25.0,True,rmw_plateau,2008-09-01 22:15:00,2008-09-02 00:00:00,2.0,1.75,True,1105,timeline,162.0,66.0,60.0,54.0,,60.0,2008-08-30 12:00:00,2008-08-30 18:00:00
22039950200,22,039,30.805564353825453,-92.50756559719396,AL072008,GUSTAV,2008-09-02 00:00:00,3.434257782382687,6.36024503361422,NW,,,AL072008_22039950200,55.74711995606821,55.74711995606821,16.465348958048228,30.848640060002737,-92.46987435428883,25.0,True,rmw_plateau,2008-09-01 23:15:00,2008-09-02 00:00:00,1.0,0.75,True,1105,timeline,162.0,66.0,60.0,54.0,,60.0,2008-08-30 12:00:00,2008-08-30 18:00:00
22039950100,22,039,30.844051333289908,-92.33306944633885,AL072008,GUSTAV,2008-09-02 00:00:00,5.197997608898418,9.62669099749331,NW,,,AL072008_22039950100,57.743454775488864,57.743454775488864,10.979913349373554,30.778853135629927,-92.39011786929134,25.0,True,rmw_plateau,2008-09-01 23:15:00,2008-09-02 00:00:00,1.0,0.75,True,1105,timeline,162.0,66.0,60.0,54.0,,60.0,2008-08-30 12:00:00,2008-08-30 18:00:00
22039950800,22,039,30.598137853646964,-92.30788752944416,AL072008,GUSTAV,2008-09-02 00:00:00,4.656284399353362,8.623438193255147,SW,,,AL072008_22039950800,58.87674849833003,58.87674849833003,17.588104611003175,30.653012691545563,-92.25301269154556,25.0,True,rmw_plateau,2008-09-01 21:45:00,2008-09-02 00:00:00,2.5,2.25,True,1105,timeline,162.0,66.0,60.0,54.0,,60.0,2008-08-30 12:00:00,2008-08-30 18:00:00
22039950400,22,039,30.663068764564738,-92.37663908939963,AL072008,GUSTAV,2008-09-02 00:00:00,4.695646836469039,8.696337422445287,SW,,,AL072008_22039950400,59.37130565694363,59.37130565694363,17.50099105997051,30.72196600415975,-92.325104004754,25.0,True,rmw_plateau,2008-09-01 22:15:00,2008-09-02 00:00:00,2.0,1.75,True,1105,timeline,162.0,66.0,60.0,54.0,,60.0,2008-08-30 12:00:00,2008-08-30 18:00:00
22039950500,22,039,30.703461451041026,-92.29462704221208,AL072008,GUSTAV,2008-09-02 00:00:00,0.37481222344302156,0.6941521964135824,NE,,,AL072008_22039950500,59.974332616699215,59.974332616699215,17.765657292639283,30.699044246626556,-92.29904424662655,25.0,True,rmw_plateau,2008-09-01 22:30:00,2008-09-02 00:00:00,1.75,1.5,True,1105,timeline,162.0,66.0,60.0,54.0,,60.0,2008-08-30 12:00:00,2008-08-30 18:00:00
22039950700,22,039,30.72146517659025,-92.22258882647944,AL072008,GUSTAV,2008-09-02 00:00:00,4.19496825973976,7.769080753649134,NE,,,AL072008_22039950700,59.29950543465185,59.29950543465185,14.393812701687565,30.672027001534847,-92.27202700153484,25.0,True,rmw_plateau,2008-09-01 22:15:00,2008-09-02 00:00:00,2.0,1.75,True,1105,timeline,162.0,66.0,60.0,54.0,,60.0,2008-08-30 12:00:00,2008-08-30 18:00:00
22055001404,22,055,30.130621222407,-92.01464358235253,AL072008,GUSTAV,2008-09-02 00:00:00,12.05004820356551,22.3166879419185,SE,,,AL072008_22055001404,71.85911955831168,71.85911955831168,14.034575933204527,30.272632402379767,-91.87263240237976,25.0,True,rmw_plateau,2008-09-01 19:00:00,2008-09-01 22:30:00,3.75,3.5,True,1105,timeline,162.0,66.0,60.0,54.0,,60.0,2008-08-30 12:00:00,2008-08-30 18:00:00
22055001405,22,055,30.15882127035536,-92.00680364280474,AL072008,GUSTAV,2008-09-02 00:00:00,10.52100103042102,19.48489274615809,SE,,,AL072008_22055001405,71.57637428741036,71.57637428741036,15.375082915597218,30.28281245658005,-91.88281245658006,25.0,True,rmw_plateau,2008-09-01 19:00:00,2008-09-01 22:45:00,4.0,3.75,True,1105,timeline,162.0,66.0,60.0,54.0,,60.0,2008-08-30 12:00:00,2008-08-30 18:00:00
22101040400,22,101,29.70762133702173,-91.2134039710517,AL072008,GUSTAV,2008-09-01 18:00:00,3.0777585706058757,5.7000085327835475,SE,30.0,True,AL072008_22101040400,86.0930931055109,86.0930931055109,23.50065314243985,29.66867452843475,-91.24678694984054,25.0,True,rmw_plateau,2008-09-01 15:45:00,2008-09-01 19:00:00,3.5,3.25,True,1105,timeline,156.0,60.0,54.0,48.0,,60.0,2008-08-30 12:00:00,2008-08-30 18:00:00
22101040500,22,101,29.694877724660532,-91.23772397796594,AL072008,GUSTAV,2008-09-01 18:00:00,1.54758321908192,2.8661239507889857,SE,30.0,True,AL072008_22101040500,86.03797691446943,86.03797691446943,24.838733887115794,29.67529417838057,-91.25450987477734,25.0,True,rmw_plateau,2008-09-01 15:45:00,2008-09-01 19:00:00,3.5,3.25,True,1105,timeline,156.0,60.0,54.0,48.0,,60.0,2008-08-30 12:00:00,2008-08-30 18:00:00
22045990000,22,045,29.43828874162358,-91.77757728925458,AL072008,GUSTAV,2008-09-01 18:00:00,31.36535671700583,58.08863717518249,SW,30.0,False,AL072008_22045990000,70.15217809044015,85.0599459319914,1.818653800429317,29.807933015439076,-91.40793301543908,25.0,False,rmw_decay_to_64kt,2008-09-01 17:15:00,2008-09-01 18:00:00,1.0,0.75,True,1105,timeline,156.0,60.0,54.0,48.0,,60.0,2008-08-30 12:00:00,2008-08-30 18:00:00
22101040900,22,101,29.54965833506056,-91.46582103010014,AL072008,GUSTAV,2008-09-01 18:00:00,13.974559232012858,25.88088215401567,SW,30.0,True,AL072008_22101040900,85.61172251870063,85.61172251870063,21.89078225787419,29.726496274428072,-91.31424565349943,25.0,True,rmw_plateau,2008-09-01 15:30:00,2008-09-01 19:15:00,4.0,3.75,True,1105,timeline,156.0,60.0,54.0,48.0,,60.0,2008-08-30 12:00:00,2008-08-30 18:00:00
22101990000,22,101,29.36281820014669,-91.48812644940543,AL072008,GUSTAV,2008-09-01 18:00:00,23.357106061135305,43.257357845125895,SW,30.0,True,AL072008_22101990000,86.17876486320876,86.17876486320876,15.327613375577762,29.65838548329775,-91.23478306384737,25.0,True,rmw_plateau,2008-09-01 15:15:00,2008-09-01 18:15:00,3.25,3.0,True,1105,timeline,156.0,60.0,54.0,48.0,,60.0,2008-08-30 12:00:00,2008-08-30 18:00:00
22113950600,22,113,30.012491237990208,-92.11961593680427,AL072008,GUSTAV,2008-09-01 18:00:00,21.515478806316302,39.84666437263283,NW,25.0,True,AL072008_22113950600,72.04184909969331,72.04184909969331,5.2351801307616235,30.266053587397234,-91.86605358739723,25.0,True,rmw_plateau,2008-09-01 19:15:00,2008-09-01 22:00:00,3.0,2.75,True,1105,timeline,156.0,60.0,54.0,48.0,,60.0,2008-08-30 12:00:00,2008-08-30 18:00:00
22113950100,22,113,30.08345607630402,-92.22279246339566,AL072008,GUSTAV,2008-09-02 00:00:00,22.88210499918916,42.3776559308717,SE,,,AL072008_22113950100,69.623845230911,69.623845230911,3.191769846333873,30.353124269849843,-91.95312426984984,25.0,True,rmw_plateau,2008-09-01 20:00:00,2008-09-01 22:15:00,2.5,2.25,True,1105,timeline,162.0,66.0,60.0,54.0,,60.0,2008-08-30 12:00:00,2008-08-30 18:00:00
22057020704,22,057,29.859448201113604,-90.8322373612467,AL072008,GUSTAV,2008-09-01 18:00:00,24.877887999929612,46.073845827782776,NE,25.0,True,AL072008_22057020704,87.12619067402989,87.12619067402989,4.939314658888133,29.54463652249942,-91.102075942916,25.0,True,rmw_plateau,2008-09-01 16:00:00,2008-09-01 17:30:00,1.75,1.5,True,1105,timeline,156.0,60.0,54.0,48.0,,60.0,2008-08-30 12:00:00,2008-08-30 18:00:00
22057021902,22,057,29.718754204416534,-90.69456685368354,AL072008,GUSTAV,2008-09-01 15:00:00,23.84420396768935,44.159463114257676,NE,35.0,True,AL072008_22057021902,88.18973875286764,88.18973875286764,8.057594686227148,29.417023049572983,-90.95319355783515,25.0,True,rmw_plateau,2008-09-01 15:15:00,2008-09-01 17:00:00,2.0,1.75,True,1105,timeline,153.0,57.0,51.0,45.0,,60.0,2008-08-30 12:00:00,2008-08-30 18:00:00
22057021901,22,057,29.696558586334962,-90.73485602564563,AL072008,GUSTAV,2008-09-01 15:00:00,21.259883059972026,39.37330107863711,NW,30.0,True,AL072008_22057021901,88.10214550393933,88.10214550393933,10.329184291814617,29.427530143354996,-90.96545183391417,25.0,True,rmw_plateau,2008-09-01 15:00:00,2008-09-01 17:15:00,2.5,2.25,True,1105,timeline,153.0,57.0,51.0,45.0,,60.0,2008-08-30 12:00:00,2008-08-30 18:00:00
22057990000,22,057,29.060149333152584,-90.23864703609114,AL072008,GUSTAV,2008-09-01 12:00:00,13.640187265151953,25.261625308325016,NE,70.0,True,AL072008_22057990000,93.75673978562243,93.75673978562243,44.38692565206705,28.899398184621862,-90.39939818462186,25.0,True,rmw_plateau,2008-09-01 09:45:00,2008-09-01 15:15:00,5.75,5.5,True,1105,timeline,150.0,54.0,48.0,42.0,,60.0,2008-08-30 12:00:00,2008-08-30 18:00:00
22113950800,22,113,29.96873382385729,-92.12314511681558,AL072008,GUSTAV,2008-09-01 18:00:00,23.52167908903245,43.56214707461218,NW,25.0,True,AL072008_22113950800,72.60056017357792,72.60056017357792,3.5338684071492388,30.24593947033643,-91.84593947033643,25.0,True,rmw_plateau,2008-09-01 19:15:00,2008-09-01 21:30:00,2.5,2.25,True,1105,timeline,156.0,60.0,54.0,48.0,,60.0,2008-08-30 12:00:00,2008-08-30 18:00:00
22007050100,22,007,30.036727341889893,-91.06964715662801,AL072008,GUSTAV,2008-09-01 18:00:00,23.683654677206068,43.8621258460174,NE,25.0,True,AL072008_22007050100,85.52406160149033,85.52406160149033,2.8472617856285964,29.737027822193085,-91.32653245922528,25.0,True,rmw_plateau,2008-09-01 17:15:00,2008-09-01 18:30:00,1.5,1.25,True,1105,timeline,156.0,60.0,54.0,48.0,,60.0,2008-08-30 12:00:00,2008-08-30 18:00:00
22007050600,22,007,29.73631421144602,-91.03191648939045,AL072008,GUSTAV,2008-09-01 18:00:00,11.471503078778131,21.24522243472012,SE,30.0,True,AL072008_22007050600,86.73870488538064,86.73870488538064,16.853429241694407,29.59115063725242,-91.15634241012782,25.0,True,rmw_plateau,2008-09-01 15:30:00,2008-09-01 18:15:00,3.0,2.75,True,1105,timeline,156.0,60.0,54.0,48.0,,60.0,2008-08-30 12:00:00,2008-08-30 18:00:00
22007050500,22,007,29.846696392648962,-91.00350683089923,AL072008,GUSTAV,2008-09-01 18:00:00,17.60933271062229,32.61248223489225,NE,25.0,True,AL072008_22007050500,86.46624852923225,86.46624852923225,10.49232507910883,29.623863023919174,-91.19450686123905,25.0,True,rmw_plateau,2008-09-01 16:00:00,2008-09-01 18:15:00,2.5,2.25,True,1105,timeline,156.0,60.0,54.0,48.0,,60.0,2008-08-30 12:00:00,2008-08-30 18:00:00
22007050400,22,007,29.91368958344238,-91.05742665501457,AL072008,GUSTAV,2008-09-01 18:00:00,18.555800672475968,34.365340795695545,NE,25.0,True,AL072008_22007050400,86.00812702948194,86.00812702948194,8.673848032856132,29.678879347229852,-91.25869257176817,25.0,True,rmw_plateau,2008-09-01 16:30:00,2008-09-01 18:45:00,2.5,2.25,True,1105,timeline,156.0,60.0,54.0,48.0,,60.0,2008-08-30 12:00:00,2008-08-30 18:00:00
22007050300,22,007,29.973482107589337,-91.03341033531999,AL072008,GUSTAV,2008-09-01 18:00:00,22.21744961707943,41.14671423662433,NE,25.0,True,AL072008_22007050300,85.89608966391756,85.89608966391756,4.982945917561125,29.692336352431237,-91.27439241116979,25.0,True,rmw_plateau,2008-09-01 16:45:00,2008-09-01 18:30:00,2.0,1.75,True,1105,timeline,156.0,60.0,54.0,48.0,,60.0,2008-08-30 12:00:00,2008-08-30 18:00:00
22007050200,22,007,29.92906986120804,-91.18164583413544,AL072008,GUSTAV,2008-09-01 18:00:00,14.40600910748457,26.67992727573002,NE,25.0,True,AL072008_22007050200,85.44295664424587,85.44295664424587,11.585351414595817,29.746772235731502,-91.33790094168675,25.0,True,rmw_plateau,2008-09-01 16:30:00,2008-09-01 19:15:00,3.0,2.75,True,1105,timeline,156.0,60.0,54.0,48.0,,60.0,2008-08-30 12:00:00,2008-08-30 18:00:00
22057022000,22,057,29.79073483115314,-90.8077449461063,AL072008,GUSTAV,2008-09-01 18:00:00,22.70399036044307,42.04778763958902,SE,30.0,True,AL072008_22057022000,87.46951829358922,87.46951829358922,7.688258869933712,29.503432254799733,-91.05400429726636,25.0,True,rmw_plateau,2008-09-01 15:45:00,2008-09-01 17:30:00,2.0,1.75,True,1105,timeline,156.0,60.0,54.0,48.0,,60.0,2008-08-30 12:00:00,2008-08-30 18:00:00
22055001801,22,055,30.190074073647573,-92.06926705847394,AL072008,GUSTAV,2008-09-02 00:00:00,11.845155169826214,21.937226066066426,SE,,,AL072008_22055001801,70.27507817470394,70.27507817470394,13.723046694820138,30.329670566060756,-91.92967056606075,25.0,True,rmw_plateau,2008-09-01 19:15:00,2008-09-01 23:00:00,4.0,3.75,True,1105,timeline,162.0,66.0,60.0,54.0,,60.0,2008-08-30 12:00:00,2008-08-30 18:00:00
22075050800,22,075,29.183064809397855,-89.4002343445554,AL072008,GUSTAV,2008-09-01 12:00:00,49.626509092097216,91.90828935666953,NE,70.0,True,AL072008_22075050800,78.43267215246901,95.0,19.819516941630887,28.503022671496833,-89.87103274771765,25.0,False,rmw_decay_to_64kt,2008-09-01 11:00:00,2008-09-01 13:00:00,2.25,2.0,True,1105,timeline,150.0,54.0,48.0,42.0,,60.0,2008-08-30 12:00:00,2008-08-30 18:00:00
22075050400,22,075,29.473076588779783,-89.85424986554598,AL072008,GUSTAV,2008-09-01 12:00:00,47.4677977782807,87.91035624193913,NE,70.0,True,AL072008_22075050400,74.91942985581642,93.57835685958439,11.461420255130669,28.91366322716288,-90.41366322716287,25.0,False,rmw_decay_to_64kt,2008-09-01 13:15:00,2008-09-01 14:00:00,1.0,0.75,True,1105,timeline,150.0,54.0,48.0,42.0,,60.0,2008-08-30 12:00:00,2008-08-30 18:00:00
22075050600,22,075,29.342605887421072,-89.61846002731036,AL072008,GUSTAV,2008-09-01 12:00:00,50.04394063225348,92.68137252292817,NE,70.0,True,AL072008_22075050600,77.63194577582564,93.83397847077092,19.4634937321319,28.65684360030568,-90.09321853377487,25.0,False,rmw_decay_to_64kt,2008-09-01 12:00:00,2008-09-01 13:30:00,1.75,1.5,True,1105,timeline,150.0,54.0,48.0,42.0,,60.0,2008-08-30 12:00:00,2008-08-30 18:00:00
22075050500,22,075,29.484184829489198,-89.69535054188337,AL072008,GUSTAV,2008-09-01 12:00:00,54.40223578208823,100.75293465899165,NE,70.0,True,AL072008_22075050500,71.76374050505413,94.32051270250332,9.399627071098848,28.73869993835592,-90.21145546651411,25.0,False,rmw_decay_to_64kt,2008-09-01 12:45:00,2008-09-01 13:30:00,1.0,0.75,True,1105,timeline,150.0,54.0,48.0,42.0,,60.0,2008-08-30 12:00:00,2008-08-30 18:00:00
22075050700,22,075,29.348163259737856,-89.49394553169233,AL072008,GUSTAV,2008-09-01 12:00:00,54.57058792463679,101.06472280839489,NE,70.0,True,AL072008_22075050700,75.43342772772931,93.6257529599563,17.27695016657716,28.60037140498708,-90.01164758498133,25.0,False,rmw_decay_to_64kt,2008-09-01 11:45:00,2008-09-01 13:00:00,1.5,1.25,True,1105,timeline,150.0,54.0,48.0,42.0,,60.0,2008-08-30 12:00:00,2008-08-30 18:00:00
22045030700,22,045,30.010818624235355,-91.80681549979309,AL072008,GUSTAV,2008-09-01 18:00:00,8.315443187894852,15.400199865432223,NW,25.0,True,AL072008_22045030700,76.4107202261331,76.4107202261331,18.97701124685387,30.10881706201422,-91.70881706201422,25.0,True,rmw_plateau,2008-09-01 17:45:00,2008-09-01 21:45:00,4.25,4.0,True,1105,timeline,156.0,60.0,54.0,48.0,,60.0,2008-08-30 12:00:00,2008-08-30 18:00:00
22045031200,22,045,29.98905657817427,-91.83291125282479,AL072008,GUSTAV,2008-09-01 18:00:00,10.345877644165016,19.160564254156625,NW,25.0,True,AL072008_22045031200,76.35049315836972,76.35049315836972,17.05726194966121,30.110983915499528,-91.71098391549953,25.0,True,rmw_plateau,2008-09-01 17:45:00,2008-09-01 21:45:00,4.25,4.0,True,1105,timeline,156.0,60.0,54.0,48.0,,60.0,2008-08-30 12:00:00,2008-08-30 18:00:00
22045030600,22,045,30.014371354782156,-91.78066411259123,AL072008,GUSTAV,2008-09-01 18:00:00,7.055204202540175,13.066237403765177,NW,25.0,True,AL072008_22045030600,76.72479098804894,76.72479098804894,20.256638199380962,30.097517733686686,-91.6975177336867,25.0,True,rmw_plateau,2008-09-01 17:45:00,2008-09-01 21:45:00,4.25,4.0,True,1105,timeline,156.0,60.0,54.0,48.0,,60.0,2008-08-30 12:00:00,2008-08-30 18:00:00
22101040300,22,101,29.690648938442386,-91.1877180493633,AL072008,GUSTAV,2008-09-01 18:00:00,3.307544805090147,6.125572613665534,SE,30.0,True,AL072008_22101040300,86.25862943073845,86.25862943073845,23.617332105268062,29.648794351260992,-91.2235934098045,25.0,True,rmw_plateau,2008-09-01 15:45:00,2008-09-01 18:45:00,3.25,3.0,True,1105,timeline,156.0,60.0,54.0,48.0,,60.0,2008-08-30 12:00:00,2008-08-30 18:00:00
22101040800,22,101,29.618138991695027,-91.32199936220564,AL072008,GUSTAV,2008-09-01 18:00:00,5.239021744063693,9.702667691287747,SE,30.0,True,AL072008_22101040800,85.96187189619269,85.96187189619269,31.609895390141574,29.68443502251362,-91.26517419293256,25.0,True,rmw_plateau,2008-09-01 15:15:00,2008-09-01 19:15:00,4.25,4.0,True,1105,timeline,156.0,60.0,54.0,48.0,,60.0,2008-08-30 12:00:00,2008-08-30 18:00:00
22101041100,22,101,29.75267009213062,-91.71149902578739,AL072008,GUSTAV,2008-09-01 18:00:00,15.223822336478154,28.19451728548801,SW,30.0,True,AL072008_22101041100,81.32485841601904,81.32485841601904,15.328804195436854,29.932084558959,-91.53208455895901,25.0,True,rmw_plateau,2008-09-01 16:45:00,2008-09-01 20:30:00,4.0,3.75,True,1105,timeline,156.0,60.0,54.0,48.0,,60.0,2008-08-30 12:00:00,2008-08-30 18:00:00
22101040100,22,101,29.652188626936272,-91.16868431918004,AL072008,GUSTAV,2008-09-01 18:00:00,2.2986893231645302,4.257172372580524,SE,30.0,True,AL072008_22101040100,86.47259999391679,86.47259999391679,25.005254604237596,29.623100376179618,-91.1936171055429,25.0,True,rmw_plateau,2008-09-01 15:30:00,2008-09-01 18:45:00,3.5,3.25,True,1105,timeline,156.0,60.0,54.0,48.0,,60.0,2008-08-30 12:00:00,2008-08-30 18:00:00
22101041000,22,101,29.865182246151512,-91.49777275156167,AL072008,GUSTAV,2008-09-01 18:00:00,1.3826980426689413,2.560756622285865,NW,25.0,True,AL072008_22101041000,85.50378384800128,85.50378384800128,28.900043231181552,29.881477498856587,-91.48147749885659,25.0,True,rmw_plateau,2008-09-01 16:30:00,2008-09-01 20:30:00,4.25,4.0,True,1105,timeline,156.0,60.0,54.0,48.0,,60.0,2008-08-30 12:00:00,2008-08-30 18:00:00
22045030800,22,045,30.010609628087792,-91.8337104980441,AL072008,GUSTAV,2008-09-01 18:00:00,9.465368282083233,17.529861012844897,NW,25.0,True,AL072008_22045030800,76.0398643659727,76.0398643659727,17.78261064324414,30.12216006306594,-91.72216006306594,25.0,True,rmw_plateau,2008-09-01 17:45:00,2008-09-01 21:45:00,4.25,4.0,True,1105,timeline,156.0,60.0,54.0,48.0,,60.0,2008-08-30 12:00:00,2008-08-30 18:00:00
22045031000,22,045,29.998486028380118,-91.82048774972012,AL072008,GUSTAV,2008-09-01 18:00:00,9.418735355675814,17.44349683828957,NW,25.0,True,AL072008_22045031000,76.39210251626955,76.39210251626955,17.938373468282087,30.109486889050114,-91.70948688905011,25.0,True,rmw_plateau,2008-09-01 17:45:00,2008-09-01 21:45:00,4.25,4.0,True,1105,timeline,156.0,60.0,54.0,48.0,,60.0,2008-08-30 12:00:00,2008-08-30 18:00:00
22045031100,22,045,29.993586944324512,-91.80681765851348,AL072008,GUSTAV,2008-09-01 18:00:00,9.046613037616094,16.754326346348726,NW,25.0,True,AL072008_22045031100,76.65017062207924,76.65017062207924,18.368854434604973,30.100202301418996,-91.700202301419,25.0,True,rmw_plateau,2008-09-01 17:45:00,2008-09-01 21:45:00,4.25,4.0,True,1105,timeline,156.0,60.0,54.0,48.0,,60.0,2008-08-30 12:00:00,2008-08-30 18:00:00
22045031300,22,045,29.915239166594063,-91.79868908136535,AL072008,GUSTAV,2008-09-01 18:00:00,12.025761411691578,22.27170880605077,NW,25.0,True,AL072008_22045031300,77.85212684877493,77.85212684877493,15.962129511540196,30.056964123979704,-91.6569641239797,25.0,True,rmw_plateau,2008-09-01 17:30:00,2008-09-01 21:15:00,4.0,3.75,True,1105,timeline,156.0,60.0,54.0,48.0,,60.0,2008-08-30 12:00:00,2008-08-30 18:00:00
22045030400,22,045,29.926807006745832,-91.88077929226817,AL072008,GUSTAV,2008-09-01 18:00:00,15.017772206696744,27.812912467893764,NW,25.0,True,AL072008_22045030400,76.55036060730203,76.55036060730203,12.746889744097654,30.103793149507002,-91.703793149507,25.0,True,rmw_plateau,2008-09-01 17:45:00,2008-09-01 21:30:00,4.0,3.75,True,1105,timeline,156.0,60.0,54.0,48.0,,60.0,2008-08-30 12:00:00,2008-08-30 18:00:00
22045030200,22,045,30.05253884502138,-91.7110909422553,AL072008,GUSTAV,2008-09-01 18:00:00,2.4841551004076226,4.60065497154762,NW,25.0,True,AL072008_22045030200,77.16128527672745,77.16128527672745,24.673971241429726,30.081814893638338,-91.68181489363835,25.0,True,rmw_plateau,2008-09-01 17:30:00,2008-09-01 21:45:00,4.5,4.25,True,1105,timeline,156.0,60.0,54.0,48.0,,60.0,2008-08-30 12:00:00,2008-08-30 18:00:00
22045030100,22,045,29.998733676229513,-91.48300714083204,AL072008,GUSTAV,2008-09-01 18:00:00,4.909861076566701,9.093062171443403,NW,25.0,True,AL072008_22045030100,81.08047425840006,81.08047425840006,18.263610844933705,29.940870408530778,-91.54087040853078,25.0,True,rmw_plateau,2008-09-01 17:15:00,2008-09-01 20:45:00,3.75,3.5,True,1105,timeline,156.0,60.0,54.0,48.0,,60.0,2008-08-30 12:00:00,2008-08-30 18:00:00
22045030900,22,045,30.000766276869715,-91.836366881733,AL072008,GUSTAV,2008-09-01 18:00:00,9.99568712102873,18.51201144399133,NW,25.0,True,AL072008_22045030900,76.13973966946304,76.13973966946304,17.318004901016565,30.118566579301355,-91.71856657930135,25.0,True,rmw_plateau,2008-09-01 17:45:00,2008-09-01 21:45:00,4.25,4.0,True,1105,timeline,156.0,60.0,54.0,48.0,,60.0,2008-08-30 12:00:00,2008-08-30 18:00:00
22097960300,22,097,30.634138421804753,-91.92901858230081,AL072008,GUSTAV,2008-09-02 00:00:00,12.945138455267204,23.974394989195655,SE,,,AL072008_22097960300,66.05826888230385,66.05826888230385,6.882598305338679,30.481578502052784,-92.08157850205278,25.0,True,rmw_plateau,2008-09-01 21:15:00,2008-09-01 23:45:00,2.75,2.5,True,1105,timeline,162.0,66.0,60.0,54.0,,60.0,2008-08-30 12:00:00,2008-08-30 18:00:00
22097960100,22,097,30.777240032685093,-91.89510389300249,AL072008,GUSTAV,2008-09-02 00:00:00,20.455304029480555,37.883220803043145,NE,,,AL072008_22097960100,64.54349145904477,64.54349145904477,0.0,30.53617196284379,-92.13617196284379,25.0,True,rmw_plateau,2008-09-01 22:45:00,2008-09-01 23:15:00,0.75,0.5,True,1105,timeline,162.0,66.0,60.0,54.0,,60.0,2008-08-30 12:00:00,2008-08-30 18:00:00
22097961200,22,097,30.467412061569426,-92.12604164912172,AL072008,GUSTAV,2008-09-02 00:00:00,2.487442736183733,4.606743672641814,SE,,,AL072008_22097961200,65.63791899180501,65.63791899180501,20.99425843705377,30.49672685534557,-92.09672685534557,25.0,True,rmw_plateau,2008-09-01 20:30:00,2008-09-02 00:00:00,3.75,3.5,True,1105,timeline,162.0,66.0,60.0,54.0,,60.0,2008-08-30 12:00:00,2008-08-30 18:00:00
22097960700,22,097,30.509646695824205,-92.19236949482402,AL072008,GUSTAV,2008-09-02 00:00:00,3.509631127890126,6.499836461168028,SE,,,AL072008_22097960700,64.13190298053854,64.13190298053854,19.559577680665345,30.551008095324114,-92.15100809532412,25.0,True,rmw_plateau,2008-09-01 21:00:00,2008-09-02 00:00:00,3.25,3.0,True,1105,timeline,162.0,66.0,60.0,54.0,,60.0,2008-08-30 12:00:00,2008-08-30 18:00:00
22097961700,22,097,30.484570321657074,-92.03687302083566,AL072008,GUSTAV,2008-09-02 00:00:00,2.023625091307121,3.7477534455650305,SE,,,AL072008_22097961700,66.63706803774639,66.63706803774639,17.229846844976432,30.460721671246365,-92.06072167124637,25.0,True,rmw_plateau,2008-09-01 20:45:00,2008-09-01 23:45:00,3.25,3.0,True,1105,timeline,162.0,66.0,60.0,54.0,,60.0,2008-08-30 12:00:00,2008-08-30 18:00:00
22097961900,22,097,30.418668563436107,-92.05186942390552,AL072008,GUSTAV,2008-09-02 00:00:00,1.408593214748813,2.6087144781173284,SE,,,AL072008_22097961900,67.343478048986,67.343478048986,22.546054130719924,30.43526899367081,-92.03526899367081,25.0,True,rmw_plateau,2008-09-01 20:15:00,2008-09-02 00:00:00,4.0,3.75,True,1105,timeline,162.0,66.0,60.0,54.0,,60.0,2008-08-30 12:00:00,2008-08-30 18:00:00
22097960500,22,097,30.474773937815797,-91.92533404833289,AL072008,GUSTAV,2008-09-02 00:00:00,6.340197553988116,11.742045169628563,SE,,,AL072008_22097960500,68.32095930563055,68.32095930563055,13.632377589660818,30.40005399307434,-92.00005399307435,25.0,True,rmw_plateau,2008-09-01 20:30:00,2008-09-01 23:30:00,3.25,3.0,True,1105,timeline,162.0,66.0,60.0,54.0,,60.0,2008-08-30 12:00:00,2008-08-30 18:00:00
22097960900,22,097,30.49225486361483,-92.40271314211971,AL072008,GUSTAV,2008-09-02 00:00:00,13.171629240378213,24.393855898202386,SW,,,AL072008_22097960900,58.76093259867209,58.76093259867209,9.684941367013204,30.647484002867266,-92.24748400286727,25.0,True,rmw_plateau,2008-09-01 21:45:00,2008-09-02 00:00:00,2.5,2.25,True,1105,timeline,162.0,66.0,60.0,54.0,,60.0,2008-08-30 12:00:00,2008-08-30 18:00:00
22097961500,22,097,30.509801088113647,-92.0794326639121,AL072008,GUSTAV,2008-09-02 00:00:00,1.288423121211767,2.3861594781610718,SE,,,AL072008_22097961500,65.69646689968843,65.69646689968843,17.673462745445004,30.494616876012874,-92.09461687601288,25.0,True,rmw_plateau,2008-09-01 21:00:00,2008-09-02 00:00:00,3.25,3.0,True,1105,timeline,162.0,66.0,60.0,54.0,,60.0,2008-08-30 12:00:00,2008-08-30 18:00:00
22097960200,22,097,30.718177009964357,-92.09066831637621,AL072008,GUSTAV,2008-09-02 00:00:00,9.652376400904235,17.876200028243908,NE,,,AL072008_22097960200,62.65028023718347,62.65028023718347,9.080044249605157,30.604422663170283,-92.20442266317028,25.0,True,rmw_plateau,2008-09-01 22:00:00,2008-09-02 00:00:00,2.25,2.0,True,1105,timeline,162.0,66.0,60.0,54.0,,60.0,2008-08-30 12:00:00,2008-08-30 18:00:00
22097960400,22,097,30.546808440167396,-91.80485251280217,AL072008,GUSTAV,2008-09-02 00:00:00,14.507961306413142,26.86874273688379,SE,,,AL072008_22097960400,68.99343118142941,68.99343118142941,6.176931440041516,30.375830476484783,-91.97583047648479,25.0,True,rmw_plateau,2008-09-01 20:45:00,2008-09-01 23:00:00,2.5,2.25,True,1105,timeline,162.0,66.0,60.0,54.0,,60.0,2008-08-30 12:00:00,2008-08-30 18:00:00
22097960800,22,097,30.50929582980839,-92.3547522046141,AL072008,GUSTAV,2008-09-02 00:00:00,10.413832026635152,19.286415762984873,SW,,,AL072008_22097960800,58.45252478858029,58.45252478858029,12.39672957732926,30.632024017211243,-92.23202401721124,25.0,True,rmw_plateau,2008-09-01 21:30:00,2008-09-02 00:00:00,2.75,2.5,True,1105,timeline,162.0,66.0,60.0,54.0,,60.0,2008-08-30 12:00:00,2008-08-30 18:00:00
22097961800,22,097,30.376177472616714,-92.08925230193492,AL072008,GUSTAV,2008-09-02 00:00:00,4.797358715544889,8.884707811258359,SE,,,AL072008_22097961800,67.41436867953409,67.41436867953409,19.40208481937345,30.432714887275814,-92.03271488727582,25.0,True,rmw_plateau,2008-09-01 20:00:00,2008-09-01 23:45:00,4.0,3.75,True,1105,timeline,162.0,66.0,60.0,54.0,,60.0,2008-08-30 12:00:00,2008-08-30 18:00:00
22101040200,22,101,29.71674059712834,-91.19465028068082,AL072008,GUSTAV,2008-09-01 18:00:00,4.225474472113822,7.825578255596088,SE,30.0,True,AL072008_22101040200,86.13809109109363,86.13809109109363,22.5044263037744,29.6632702739437,-91.24048198626765,25.0,True,rmw_plateau,2008-09-01 15:45:00,2008-09-01 19:00:00,3.5,3.25,True,1105,timeline,156.0,60.0,54.0,48.0,,60.0,2008-08-30 12:00:00,2008-08-30 18:00:00
22055000100,22,055,30.224861855069882,-92.01940202125093,AL072008,GUSTAV,2008-09-02 00:00:00,8.253640243186393,15.285740818659097,SE,,,AL072008_22055000100,70.48441542865986,70.48441542865986,17.148394484895274,30.322131938160403,-91.9221319381604,25.0,True,rmw_plateau,2008-09-01 19:15:00,2008-09-01 23:00:00,4.0,3.75,True,1105,timeline,162.0,66.0,60.0,54.0,,60.0,2008-08-30 12:00:00,2008-08-30 18:00:00
22055001411,22,055,30.17621171014503,-91.96237831108293,AL072008,GUSTAV,2008-09-02 00:00:00,7.8983799572182845,14.627798808289288,SE,,,AL072008_22055001411,71.95181646020725,71.95181646020725,17.947620688075496,30.269295010613977,-91.86929501061398,25.0,True,rmw_plateau,2008-09-01 18:45:00,2008-09-01 22:45:00,4.25,4.0,True,1105,timeline,162.0,66.0,60.0,54.0,,60.0,2008-08-30 12:00:00,2008-08-30 18:00:00
22055002104,22,055,30.335006088571923,-91.9958737237898,AL072008,GUSTAV,2008-09-02 00:00:00,2.5823950570409435,4.782595360380647,SE,,,AL072008_22055002104,69.28190675230852,69.28190675230852,22.067431690260438,30.36543990618086,-91.96543990618086,25.0,True,rmw_plateau,2008-09-01 19:30:00,2008-09-01 23:30:00,4.25,4.0,True,1105,timeline,162.0,66.0,60.0,54.0,,60.0,2008-08-30 12:00:00,2008-08-30 18:00:00
22055001402,22,055,30.105059478329064,-92.05599983444291,AL072008,GUSTAV,2008-09-02 00:00:00,14.88913833600748,27.574682553586534,SE,,,AL072008_22055001402,71.63977668768666,71.63977668768666,11.308780104955284,30.280529656385987,-91.88052965638599,25.0,True,rmw_plateau,2008-09-01 19:00:00,2008-09-01 22:30:00,3.75,3.5,True,1105,timeline,162.0,66.0,60.0,54.0,,60.0,2008-08-30 12:00:00,2008-08-30 18:00:00
22055000800,22,055,30.236014240341845,-92.02584252629177,AL072008,GUSTAV,2008-09-02 00:00:00,8.053732095372554,14.915510950990328,SE,,,AL072008_22055000800,70.24015100042806,70.24015100042806,17.257611261724442,30.330928383316806,-91.93092838331681,25.0,True,rmw_plateau,2008-09-01 19:15:00,2008-09-01 23:15:00,4.25,4.0,True,1105,timeline,162.0,66.0,60.0,54.0,,60.0,2008-08-30 12:00:00,2008-08-30 18:00:00
22055001802,22,055,30.203844963748658,-92.05471958649208,AL072008,GUSTAV,2008-09-02 00:00:00,10.643708818169562,19.712147555513713,SE,,,AL072008_22055001802,70.28586030848122,70.28586030848122,14.850121079278502,30.32928227512037,-91.92928227512037,25.0,True,rmw_plateau,2008-09-01 19:15:00,2008-09-01 23:00:00,4.0,3.75,True,1105,timeline,162.0,66.0,60.0,54.0,,60.0,2008-08-30 12:00:00,2008-08-30 18:00:00
22055001600,22,055,30.18898270312441,-92.04531698488933,AL072008,GUSTAV,2008-09-02 00:00:00,10.875342533193267,20.141133170150653,SE,,,AL072008_22055001600,70.62276505101761,70.62276505101761,14.740554605278103,30.317149844006867,-91.91714984400687,25.0,True,rmw_plateau,2008-09-01 19:15:00,2008-09-01 23:00:00,4.0,3.75,True,1105,timeline,162.0,66.0,60.0,54.0,,60.0,2008-08-30 12:00:00,2008-08-30 18:00:00
22055001406,22,055,30.166412472868668,-92.02659804797716,AL072008,GUSTAV,2008-09-02 00:00:00,11.038739071568141,20.443743541171642,SE,,,AL072008_22055001406,71.1960841237325,71.1960841237325,14.769924128634882,30.296505260422915,-91.89650526042291,25.0,True,rmw_plateau,2008-09-01 19:00:00,2008-09-01 22:45:00,4.0,3.75,True,1105,timeline,162.0,66.0,60.0,54.0,,60.0,2008-08-30 12:00:00,2008-08-30 18:00:00
22055001901,22,055,30.181481883629925,-92.19544869275228,AL072008,GUSTAV,2008-09-02 00:00:00,17.56312427499444,32.5269042172138,SE,,,AL072008_22055001901,68.64266584837819,68.64266584837819,7.857321384211453,30.388465288191103,-91.98846528819111,25.0,True,rmw_plateau,2008-09-01 20:00:00,2008-09-01 23:00:00,3.25,3.0,True,1105,timeline,162.0,66.0,60.0,54.0,,60.0,2008-08-30 12:00:00,2008-08-30 18:00:00
22055002001,22,055,30.263731497787482,-92.13744052477155,AL072008,GUSTAV,2008-09-02 00:00:00,11.612490543144295,21.506331203152353,SE,,,AL072008_22055002001,68.30619068193815,68.30619068193815,13.315300783009082,30.400586011279515,-92.00058601127951,25.0,True,rmw_plateau,2008-09-01 19:45:00,2008-09-01 23:30:00,4.0,3.75,True,1105,timeline,162.0,66.0,60.0,54.0,,60.0,2008-08-30 12:00:00,2008-08-30 18:00:00
22055000900,22,055,30.247617675003973,-92.02935804601833,AL072008,GUSTAV,2008-09-02 00:00:00,7.710590925576668,14.280013542432759,SE,,,AL072008_22055000900,70.0302428358885,70.0302428358885,17.511676414481634,30.33848786051115,-91.93848786051116,25.0,True,rmw_plateau,2008-09-01 19:15:00,2008-09-01 23:15:00,4.25,4.0,True,1105,timeline,162.0,66.0,60.0,54.0,,60.0,2008-08-30 12:00:00,2008-08-30 18:00:00
22055001410,22,055,30.084976973065608,-91.98760544396103,AL072008,GUSTAV,2008-09-01 18:00:00,12.839438637016064,23.77863893747047,NW,25.0,True,AL072008_22055001410,72.86857788715547,72.86857788715547,13.61667379329234,30.236291208513318,-91.83629120851332,25.0,True,rmw_plateau,2008-09-01 18:45:00,2008-09-01 22:15:00,3.75,3.5,True,1105,timeline,156.0,60.0,54.0,48.0,,60.0,2008-08-30 12:00:00,2008-08-30 18:00:00
22055001409,22,055,30.139549406132392,-91.9540035177506,AL072008,GUSTAV,2008-09-01 18:00:00,9.098517394714522,16.850453209961504,NW,25.0,True,AL072008_22055001409,72.5773100312193,72.5773100312193,17.024053079582636,30.246776461941497,-91.8467764619415,25.0,True,rmw_plateau,2008-09-01 18:45:00,2008-09-01 22:30:00,4.0,3.75,True,1105,timeline,156.0,60.0,54.0,48.0,,60.0,2008-08-30 12:00:00,2008-08-30 18:00:00
22055002102,22,055,30.342628103486057,-92.06353887280537,AL072008,GUSTAV,2008-09-02 00:00:00,5.129809494249997,9.500406616696699,SE,,,AL072008_22055002102,68.23686212813347,68.23686212813347,19.35335777019458,30.40308348814571,-92.0030834881457,25.0,True,rmw_plateau,2008-09-01 19:45:00,2008-09-01 23:45:00,4.25,4.0,True,1105,timeline,162.0,66.0,60.0,54.0,,60.0,2008-08-30 12:00:00,2008-08-30 18:00:00
22055002002,22,055,30.265763300927222,-92.08471411738198,AL072008,GUSTAV,2008-09-02 00:00:00,9.289296423689304,17.20377595054877,SE,,,AL072008_22055002002,69.00986019086287,69.00986019086287,15.71101341427625,30.3752387091546,-91.9752387091546,25.0,True,rmw_plateau,2008-09-01 19:30:00,2008-09-01 23:15:00,4.0,3.75,True,1105,timeline,162.0,66.0,60.0,54.0,,60.0,2008-08-30 12:00:00,2008-08-30 18:00:00
22055001902,22,055,30.223186152178993,-92.10828939277032,AL072008,GUSTAV,2008-09-02 00:00:00,12.095906085623064,22.401616734423488,SE,,,AL072008_22055001902,69.27363684659412,69.27363684659412,13.170496193423213,30.365737772474656,-91.96573777247465,25.0,True,rmw_plateau,2008-09-01 19:30:00,2008-09-01 23:15:00,4.0,3.75,True,1105,timeline,162.0,66.0,60.0,54.0,,60.0,2008-08-30 12:00:00,2008-08-30 18:00:00
22055002101,22,055,30.309443050350964,-92.08875277607085,AL072008,GUSTAV,2008-09-02 00:00:00,7.60746737935377,14.089028746219292,SE,,,AL072008_22055002101,68.34749980617701,68.34749980617701,17.072656524052057,30.399097913210905,-91.9990979132109,25.0,True,rmw_plateau,2008-09-01 19:45:00,2008-09-01 23:30:00,4.0,3.75,True,1105,timeline,162.0,66.0,60.0,54.0,,60.0,2008-08-30 12:00:00,2008-08-30 18:00:00
22101041200,22,101,29.831992127071885,-91.54954213560922,AL072008,GUSTAV,2008-09-01 18:00:00,4.987224489916779,9.23633920442195,NW,25.0,True,AL072008_22101041200,85.54862563557118,85.54862563557118,25.458895326191335,29.89076713134055,-91.49076713134055,25.0,True,rmw_plateau,2008-09-01 16:30:00,2008-09-01 20:30:00,4.25,4.0,True,1105,timeline,156.0,60.0,54.0,48.0,,60.0,2008-08-30 12:00:00,2008-08-30 18:00:00
22097961100,22,097,30.487809058140126,-92.42542718379842,AL072008,GUSTAV,2008-09-02 00:00:00,14.323923966268335,26.527905603264927,SW,,,AL072008_22097961100,58.95393653995897,58.95393653995897,8.528378180921298,30.656618120969274,-92.25661812096926,25.0,True,rmw_plateau,2008-09-01 22:00:00,2008-09-02 00:00:00,2.25,2.0,True,1105,timeline,162.0,66.0,60.0,54.0,,60.0,2008-08-30 12:00:00,2008-08-30 18:00:00
22113950901,22,113,29.941625267290046,-92.10821147342946,AL072008,GUSTAV,2008-09-01 18:00:00,24.038216909276393,44.51877506064562,NW,25.0,True,AL072008_22113950901,73.1845168076397,73.1845168076397,3.234821195502974,30.224918370359752,-91.82491837035975,25.0,True,rmw_plateau,2008-09-01 19:15:00,2008-09-01 21:30:00,2.5,2.25,True,1105,timeline,156.0,60.0,54.0,48.0,,60.0,2008-08-30 12:00:00,2008-08-30 18:00:00
22001961000,22,001,30.19730440453597,-92.37861207577619,AL072008,GUSTAV,2008-09-02 00:00:00,24.662795777383174,45.67549505538651,SW,,,AL072008_22001961000,65.88123489187099,65.88123489187099,0.34422891491121277,30.487958240156082,-92.08795824015608,25.0,True,rmw_plateau,2008-09-01 21:30:00,2008-09-01 22:45:00,1.5,1.25,True,1105,timeline,162.0,66.0,60.0,54.0,,60.0,2008-08-30 12:00:00,2008-08-30 18:00:00
22001960800,22,001,30.237949656114957,-92.34910953058596,AL072008,GUSTAV,2008-09-02 00:00:00,21.686676810534806,40.16372305753445,SW,,,AL072008_22001960800,65.72663713288084,65.72663713288084,3.078568188011328,30.49352959335046,-92.09352959335045,25.0,True,rmw_plateau,2008-09-01 21:15:00,2008-09-01 23:15:00,2.25,2.0,True,1105,timeline,162.0,66.0,60.0,54.0,,60.0,2008-08-30 12:00:00,2008-08-30 18:00:00
22001960700,22,001,30.243494699214992,-92.28735921726143,AL072008,GUSTAV,2008-09-02 00:00:00,18.83157663832392,34.8760778539829,SE,,,AL072008_22001960700,66.50648674464425,66.50648674464425,5.9948545990668585,30.465426958238208,-92.0654269582382,25.0,True,rmw_plateau,2008-09-01 20:45:00,2008-09-01 23:15:00,2.75,2.5,True,1105,timeline,162.0,66.0,60.0,54.0,,60.0,2008-08-30 12:00:00,2008-08-30 18:00:00
22001960200,22,001,30.415939856382955,-92.39588985306526,AL072008,GUSTAV,2008-09-02 00:00:00,16.11991314995172,29.854077373056153,SW,,,AL072008_22001960200,62.60889451632459,62.60889451632459,7.29585190585146,30.60591485472411,-92.20591485472411,25.0,True,rmw_plateau,2008-09-01 21:30:00,2008-09-02 00:00:00,2.75,2.5,True,1105,timeline,162.0,66.0,60.0,54.0,,60.0,2008-08-30 12:00:00,2008-08-30 18:00:00
22001960400,22,001,30.284045495369607,-92.4421504409078,AL072008,GUSTAV,2008-09-02 00:00:00,23.678387496228137,43.852371027428106,SW,,,AL072008_22001960400,63.79652174634448,63.79652174634448,0.606909375073375,30.5630979681387,-92.1630979681387,25.0,True,rmw_plateau,2008-09-01 22:00:00,2008-09-01 23:15:00,1.5,1.25,True,1105,timeline,162.0,66.0,60.0,54.0,,60.0,2008-08-30 12:00:00,2008-08-30 18:00:00
22001960600,22,001,30.24219616096506,-92.23089104166708,AL072008,GUSTAV,2008-09-02 00:00:00,16.490927157413537,30.541195273892104,SE,,,AL072008_22001960600,67.30810090629264,67.30810090629264,8.43729585686641,30.436543601316068,-92.03654360131607,25.0,True,rmw_plateau,2008-09-01 20:15:00,2008-09-01 23:15:00,3.25,3.0,True,1105,timeline,162.0,66.0,60.0,54.0,,60.0,2008-08-30 12:00:00,2008-08-30 18:00:00
22001960100,22,001,30.41012931122202,-92.21719236568006,AL072008,GUSTAV,2008-09-02 00:00:00,8.784941396428994,16.26971049577526,SE,,,AL072008_22001960100,65.16805270450615,65.16805270450615,14.961191125308638,30.51366083845104,-92.11366083845104,25.0,True,rmw_plateau,2008-09-01 20:45:00,2008-09-02 00:00:00,3.5,3.25,True,1105,timeline,162.0,66.0,60.0,54.0,,60.0,2008-08-30 12:00:00,2008-08-30 18:00:00
22001961200,22,001,30.139705050882025,-92.36153942325606,AL072008,GUSTAV,2008-09-02 00:00:00,26.382198088833736,48.85982794626256,SW,,,AL072008_22001961200,66.91735693332292,66.91735693332292,0.0,30.45062223706904,-92.05062223706904,25.0,True,rmw_plateau,2008-09-01 21:45:00,2008-09-01 22:00:00,0.5,0.25,True,1105,timeline,162.0,66.0,60.0,54.0,,60.0,2008-08-30 12:00:00,2008-08-30 18:00:00
22001960900,22,001,30.21143086792138,-92.4055495619355,AL072008,GUSTAV,2008-09-02 00:00:00,25.2063214420249,46.6821045262635,SW,,,AL072008_22001960900,65.31151803143155,65.31151803143155,0.0,30.508490214928443,-92.10849021492844,25.0,True,rmw_plateau,2008-09-01 21:45:00,2008-09-01 22:30:00,1.0,0.75,True,1105,timeline,162.0,66.0,60.0,54.0,,60.0,2008-08-30 12:00:00,2008-08-30 18:00:00
22001960500,22,001,30.31835391384323,-92.23428983830601,AL072008,GUSTAV,2008-09-02 00:00:00,13.404026076484495,24.824254812999964,SE,,,AL072008_22001960500,66.20414086700706,66.20414086700706,10.973314148128198,30.47632187607462,-92.07632187607462,25.0,True,rmw_plateau,2008-09-01 20:30:00,2008-09-01 23:45:00,3.5,3.25,True,1105,timeline,162.0,66.0,60.0,54.0,,60.0,2008-08-30 12:00:00,2008-08-30 18:00:00
22113951002,22,113,29.869505783885284,-92.05486772798007,AL072008,GUSTAV,2008-09-01 18:00:00,24.834804007077622,45.99405427778008,NW,25.0,True,AL072008_22113951002,74.92749001969821,74.92749001969821,3.0396519719448847,30.162186755932673,-91.76218675593267,25.0,True,rmw_plateau,2008-09-01 18:45:00,2008-09-01 21:00:00,2.5,2.25,True,1105,timeline,156.0,60.0,54.0,48.0,,60.0,2008-08-30 12:00:00,2008-08-30 18:00:00
22113950902,22,113,30.015468898524855,-92.04341580703641,AL072008,GUSTAV,2008-09-01 18:00:00,18.156249659780343,33.625372364318864,NW,25.0,True,AL072008_22113950902,73.05883811683981,73.05883811683981,8.701340921921592,30.22944235278063,-91.82944235278063,25.0,True,rmw_plateau,2008-09-01 18:45:00,2008-09-01 22:00:00,3.5,3.25,True,1105,timeline,156.0,60.0,54.0,48.0,,60.0,2008-08-30 12:00:00,2008-08-30 18:00:00
22113951001,22,113,29.961446475222328,-92.02717483140692,AL072008,GUSTAV,2008-09-01 18:00:00,19.75918073093944,36.59400053104089,NW,25.0,True,AL072008_22113951001,74.0348807830054,74.0348807830054,7.5100295895875355,30.194310653314623,-91.79431065331462,25.0,True,rmw_plateau,2008-09-01 18:30:00,2008-09-01 21:45:00,3.5,3.25,True,1105,timeline,156.0,60.0,54.0,48.0,,60.0,2008-08-30 12:00:00,2008-08-30 18:00:00
22051990100,22,051,29.189137067536848,-89.98040865965102,AL072008,GUSTAV,2008-09-01 12:00:00,30.068799794136773,55.6874138972506,NE,70.0,True,AL072008_22051990100,91.90318510064863,94.56500647283085,34.219218084120676,28.834772863593933,-90.33477286359393,25.0,False,rmw_decay_to_64kt,2008-09-01 10:00:00,2008-09-01 14:45:00,5.0,4.75,True,1105,timeline,150.0,54.0,48.0,42.0,,60.0,2008-08-30 12:00:00,2008-08-30 18:00:00
22057020500,22,057,29.777961345560666,-90.84219179113641,AL072008,GUSTAV,2008-09-01 18:00:00,20.777026588862245,38.479050947479585,SE,30.0,True,AL072008_22057020500,87.37276568790989,87.37276568790989,9.318258227097573,29.515043101975447,-91.06755028563802,25.0,True,rmw_plateau,2008-09-01 15:30:00,2008-09-01 17:30:00,2.25,2.0,True,1105,timeline,156.0,60.0,54.0,48.0,,60.0,2008-08-30 12:00:00,2008-08-30 18:00:00
22057020600,22,057,29.795671987798404,-90.84350866851601,AL072008,GUSTAV,2008-09-01 18:00:00,21.532421165617823,39.878041620187744,SE,30.0,True,AL072008_22057020600,87.30484159473235,87.30484159473235,8.466229877741217,29.523194772216645,-91.07706056758609,25.0,True,rmw_plateau,2008-09-01 15:45:00,2008-09-01 17:30:00,2.0,1.75,True,1105,timeline,156.0,60.0,54.0,48.0,,60.0,2008-08-30 12:00:00,2008-08-30 18:00:00
22057021500,22,057,29.571496301908827,-90.3760267003517,AL072008,GUSTAV,2008-09-01 15:00:00,29.575082829655667,54.77305013356906,NE,35.0,True,AL072008_22057021500,81.6043297339063,90.0,6.31910401955027,29.2,-90.7,25.0,False,rmw_decay_to_64kt,2008-09-01 13:30:00,2008-09-01 16:00:00,2.75,2.5,True,1105,timeline,153.0,57.0,51.0,45.0,,60.0,2008-08-30 12:00:00,2008-08-30 18:00:00
22055001903,22,055,30.196360446296005,-92.11705608285806,AL072008,GUSTAV,2008-09-02 00:00:00,13.605963558597754,25.198243007567093,SE,,,AL072008_22055001903,69.52433522912735,69.52433522912735,11.83788056206043,30.35670826457703,-91.95670826457703,25.0,True,rmw_plateau,2008-09-01 19:30:00,2008-09-01 23:00:00,3.75,3.5,True,1105,timeline,162.0,66.0,60.0,54.0,,60.0,2008-08-30 12:00:00,2008-08-30 18:00:00
22097961300,22,097,30.544734272099003,-92.09151692558508,AL072008,GUSTAV,2008-09-02 00:00:00,2.2578207958048075,4.181483864424779,SE,,,AL072008_22097961300,65.04417502100304,65.04417502100304,16.59959957056253,30.518125598842047,-92.11812559884204,25.0,True,rmw_plateau,2008-09-01 21:15:00,2008-09-02 00:00:00,3.0,2.75,True,1105,timeline,162.0,66.0,60.0,54.0,,60.0,2008-08-30 12:00:00,2008-08-30 18:00:00
22097961600,22,097,30.524785326442935,-92.09586310463932,AL072008,GUSTAV,2008-09-02 00:00:00,1.2270659498589715,2.2725260035933936,SE,,,AL072008_22097961600,65.26063105255913,65.26063105255913,17.618118355802242,30.510324215541125,-92.11032421554113,25.0,True,rmw_plateau,2008-09-01 21:00:00,2008-09-02 00:00:00,3.25,3.0,True,1105,timeline,162.0,66.0,60.0,54.0,,60.0,2008-08-30 12:00:00,2008-08-30 18:00:00
22097960600,22,097,30.58679558042065,-92.09143709795673,AL072008,GUSTAV,2008-09-02 00:00:00,4.045717775633775,7.49266887357151,SE,,,AL072008_22097960600,64.46180556271392,64.46180556271392,14.779819814619804,30.53911633918869,-92.13911633918869,25.0,True,rmw_plateau,2008-09-01 21:15:00,2008-09-02 00:00:00,3.0,2.75,True,1105,timeline,162.0,66.0,60.0,54.0,,60.0,2008-08-30 12:00:00,2008-08-30 18:00:00
22097961400,22,097,30.54154766075047,-92.07441959843702,AL072008,GUSTAV,2008-09-02 00:00:00,2.8480024841853093,5.274500286112212,SE,,,AL072008_22097961400,65.32557404018286,65.32557404018286,16.12114240266036,30.507983629593745,-92.10798362959375,25.0,True,rmw_plateau,2008-09-01 21:00:00,2008-09-02 00:00:00,3.25,3.0,True,1105,timeline,162.0,66.0,60.0,54.0,,60.0,2008-08-30 12:00:00,2008-08-30 18:00:00
22055000604,22,055,30.209293586256976,-92.06272063608881,AL072008,GUSTAV,2008-09-02 00:00:00,10.751999128331526,19.912701197971593,SE,,,AL072008_22055000604,70.09912640706223,70.09912640706223,14.6895037565726,30.336007111172894,-91.9360071111729,25.0,True,rmw_plateau,2008-09-01 19:15:00,2008-09-01 23:00:00,4.0,3.75,True,1105,timeline,162.0,66.0,60.0,54.0,,60.0,2008-08-30 12:00:00,2008-08-30 18:00:00
22055002103,22,055,30.30915605837971,-92.02853945743863,AL072008,GUSTAV,2008-09-02 00:00:00,5.06500866213954,9.380395482786229,SE,,,AL072008_22055002103,69.18729241592699,69.18729241592699,19.716679638800606,30.36884775790917,-91.96884775790917,25.0,True,rmw_plateau,2008-09-01 19:30:00,2008-09-01 23:30:00,4.25,4.0,True,1105,timeline,162.0,66.0,60.0,54.0,,60.0,2008-08-30 12:00:00,2008-08-30 18:00:00
22055980000,22,055,30.204071489588628,-91.99169760629295,AL072008,GUSTAV,2008-09-02 00:00:00,7.960301966959213,14.742478363489395,SE,,,AL072008_22055980000,71.15777843533411,71.15777843533411,17.636986851806018,30.297884547940786,-91.89788454794079,25.0,True,rmw_plateau,2008-09-01 19:00:00,2008-09-01 23:00:00,4.25,4.0,True,1105,timeline,162.0,66.0,60.0,54.0,,60.0,2008-08-30 12:00:00,2008-08-30 18:00:00
22055000603,22,055,30.221751795586034,-92.06691103172706,AL072008,GUSTAV,2008-09-02 00:00:00,10.40122550074997,19.26306847843807,SE,,,AL072008_22055000603,69.86798641150405,69.86798641150405,14.944080075259903,30.344331413656544,-91.94433141365654,25.0,True,rmw_plateau,2008-09-01 19:30:00,2008-09-01 23:00:00,3.75,3.5,True,1105,timeline,162.0,66.0,60.0,54.0,,60.0,2008-08-30 12:00:00,2008-08-30 18:00:00
22051027902,22,051,29.489747047446297,-90.04545464325619,AL072008,GUSTAV,2008-09-01 15:00:00,40.06293374554628,74.1965488712787,NE,35.0,False,AL072008_22051027902,68.63679796517035,92.27894924840068,9.948470195769012,29.01760084535124,-90.51760084535124,25.0,False,rmw_decay_to_50kt,2008-09-01 14:00:00,2008-09-01 14:45:00,1.0,0.75,True,1105,timeline,153.0,57.0,51.0,45.0,,60.0,2008-08-30 12:00:00,2008-08-30 18:00:00
22055002200,22,055,30.209131592205075,-92.02066606404652,AL072008,GUSTAV,2008-09-02 00:00:00,8.974647569628106,16.621046307584496,SE,,,AL072008_22055002200,70.68527533058388,70.68527533058388,16.538031276863066,30.3148988281258,-91.9148988281258,25.0,True,rmw_plateau,2008-09-01 19:15:00,2008-09-01 23:00:00,4.0,3.75,True,1105,timeline,162.0,66.0,60.0,54.0,,60.0,2008-08-30 12:00:00,2008-08-30 18:00:00
22055001904,22,055,30.195883114998963,-92.08361079516393,AL072008,GUSTAV,2008-09-02 00:00:00,12.207251626783489,22.60782866435303,SE,,,AL072008_22055001904,69.99528153477362,69.99528153477362,13.295528148577267,30.33974695508145,-91.93974695508145,25.0,True,rmw_plateau,2008-09-01 19:30:00,2008-09-01 23:00:00,3.75,3.5,True,1105,timeline,162.0,66.0,60.0,54.0,,60.0,2008-08-30 12:00:00,2008-08-30 18:00:00
22055001905,22,055,30.154195819970123,-92.11781715559684,AL072008,GUSTAV,2008-09-02 00:00:00,15.427146732345577,28.57107404417465,SE,,,AL072008_22055001905,70.09914371696149,70.09914371696149,10.316804990521472,30.33600648778348,-91.93600648778347,25.0,True,rmw_plateau,2008-09-01 19:30:00,2008-09-01 22:45:00,3.5,3.25,True,1105,timeline,162.0,66.0,60.0,54.0,,60.0,2008-08-30 12:00:00,2008-08-30 18:00:00
22055001407,22,055,30.17616176137334,-92.03620162736277,AL072008,GUSTAV,2008-09-02 00:00:00,11.032557157198054,20.432294636441114,SE,,,AL072008_22055001407,70.92735424116917,70.92735424116917,14.690306142580402,30.306181694368053,-91.90618169436806,25.0,True,rmw_plateau,2008-09-01 19:15:00,2008-09-01 22:45:00,3.75,3.5,True,1105,timeline,162.0,66.0,60.0,54.0,,60.0,2008-08-30 12:00:00,2008-08-30 18:00:00
22055001500,22,055,30.198577678544453,-92.02833598968395,AL072008,GUSTAV,2008-09-02 00:00:00,9.747819590442507,18.052960804725846,SE,,,AL072008_22055001500,70.72531954966341,70.72531954966341,15.827681105753749,30.313456834114202,-91.9134568341142,25.0,True,rmw_plateau,2008-09-01 19:15:00,2008-09-01 23:00:00,4.0,3.75,True,1105,timeline,162.0,66.0,60.0,54.0,,60.0,2008-08-30 12:00:00,2008-08-30 18:00:00
22055001700,22,055,30.1793141504559,-92.0586741493742,AL072008,GUSTAV,2008-09-02 00:00:00,11.852240977643605,21.95034898136152,SE,,,AL072008_22055001700,70.5715494858127,70.5715494858127,13.810590575466698,30.31899414991505,-91.91899414991505,25.0,True,rmw_plateau,2008-09-01 19:15:00,2008-09-01 23:00:00,4.0,3.75,True,1105,timeline,162.0,66.0,60.0,54.0,,60.0,2008-08-30 12:00:00,2008-08-30 18:00:00
