storm_id,storm_name,year,tract_geoid,centroid_lat,centroid_lon,distance_to_track_km,STATEFP,COUNTYFP
AL092021,IDA,2021,22071001747,30.04010502614387,-89.95392783807554,73.2271069704861,22,071
AL092021,IDA,2021,22071001750,30.037693442791507,-89.91692556715097,77.10278926557281,22,071
AL092021,IDA,2021,22109000900,29.581321579780155,-90.72482074480673,23.039807167006373,22,109
AL092021,IDA,2021,22063040202,30.565581480579233,-90.72070782306511,7.41322740834737,22,063
AL092021,IDA,2021,22063040201,30.52312580027605,-90.79132719407133,1.4185640449395684,22,063
AL092021,IDA,2021,22089060100,30.079302691460967,-90.35359174500418,31.766610003594028,22,089
AL092021,IDA,2021,22071000800,29.95958708617273,-90.01987575116391,63.7332240216831,22,071
AL092021,IDA,2021,22071003600,29.97810888268079,-90.0736169009188,58.56228084812112,22,071
AL092021,IDA,2021,22071011400,29.919326252381413,-90.12007762215981,51.81104699612911,22,071
AL092021,IDA,2021,22089062200,29.94958622265256,-90.34311257200847,28.929463453346468,22,089
AL092021,IDA,2021,22089063100,29.880491843191102,-90.32476794882302,28.780402513077934,22,089
AL092021,IDA,2021,22089062700,29.979043747723406,-90.45834536749246,17.529043296565664,22,089
AL092021,IDA,2021,22089063200,29.82895872863785,-90.35115498848197,24.392682858893362,22,089
AL092021,IDA,2021,22089062400,30.01664403177529,-90.34419529073298,30.858769657498176,22,089
AL092021,IDA,2021,22089062301,29.972813675540735,-90.35591574478573,28.271290598865548,22,089
AL092021,IDA,2021,22089062302,29.95849137419944,-90.38313905362044,24.92902485942091,22,089
AL092021,IDA,2021,22089062500,30.004783948414154,-90.4166641571403,22.76256663294677,22,089
AL092021,IDA,2021,22089062800,29.90477258627658,-90.39204978028113,22.33988735725451,22,089
AL092021,IDA,2021,22089062900,29.92227453294124,-90.35202005097672,27.14593182103356,22,089
AL092021,IDA,2021,22089062100,29.974368428660505,-90.3005555159971,34.22725192648215,22,089
AL092021,IDA,2021,22071008600,29.944818457283848,-90.08966780586091,55.83402153882237,22,071
AL092021,IDA,2021,22089063000,29.944028723775993,-90.29665686403519,33.71817143644622,22,089
AL092021,IDA,2021,22109001000,29.55832528356924,-90.60707073087961,11.173697399934126,22,109
AL092021,IDA,2021,22109000102,29.702239528162963,-90.78489254505944,25.763942455756307,22,109
AL092021,IDA,2021,22109001201,29.511969146544377,-90.61927960546628,13.8903264445693,22,109
AL092021,IDA,2021,22109000101,29.734524417859266,-90.83806632317909,30.45463814658324,22,109
AL092021,IDA,2021,22109001700,29.646808862606033,-90.82169185005577,31.381806520694617,22,109
AL092021,IDA,2021,22109001100,29.336247648250733,-90.50285089890518,6.822447915352566,22,109
AL092021,IDA,2021,22109001202,29.183112226675505,-90.62043896284503,24.04224145934137,22,109
AL092021,IDA,2021,22051027701,29.86561637646503,-90.14261456364615,47.767866819458874,22,051
AL092021,IDA,2021,22109000201,29.654921219695645,-90.78442603629826,27.157079005417767,22,109
AL092021,IDA,2021,22109000202,29.659245960170914,-90.74289692409192,22.592832987818845,22,109
AL092021,IDA,2021,22109000300,29.613348176826758,-90.75175779842287,24.938155725692674,22,109
AL092021,IDA,2021,22109000700,29.580980176673037,-90.67725205105228,17.973251288262897,22,109
AL092021,IDA,2021,22071001748,30.02542626520792,-89.95539844742778,72.62253527288695,22,071
AL092021,IDA,2021,22109000500,29.631530038714654,-90.71710365213468,20.685109346457775,22,109
AL092021,IDA,2021,22109000600,29.611319232537888,-90.68439831372902,17.81080534717763,22,109
AL092021,IDA,2021,22109000800,29.57899070162836,-90.69526941677677,19.956896706735257,22,109
AL092021,IDA,2021,22051024201,29.972286381159122,-90.18790421560773,46.18694033522971,22,051
AL092021,IDA,2021,22051028200,29.92909218750465,-90.16099565817983,47.7417023240362,22,051
AL092021,IDA,2021,22051020516,30.01334032725638,-90.26853174091569,38.833533320107676,22,051
AL092021,IDA,2021,22075050100,29.435424455172303,-89.48082579282543,82.77423907890679,22,075
AL092021,IDA,2021,22071013600,29.965576493987164,-90.03572420444647,62.22437321684605,22,071
AL092021,IDA,2021,22051990000,30.103922011724926,-90.18867680811553,50.11858505520738,22,051
AL092021,IDA,2021,22057020703,29.807349692456164,-90.81172539824965,25.42255618795391,22,057
AL092021,IDA,2021,22105953700,30.62281853245857,-90.36722988115548,46.88501983336462,22,105
AL092021,IDA,2021,22105953800,30.607511762720964,-90.51398012365537,30.75572465925447,22,105
AL092021,IDA,2021,22105954102,30.46148590025725,-90.51452762914046,26.244370609885372,22,105
AL092021,IDA,2021,22105953400,30.772092828268647,-90.53147752112615,31.73319035571147,22,105
AL092021,IDA,2021,22105953600,30.682183518535034,-90.52503223928944,31.342141629285624,22,105
AL092021,IDA,2021,22105954101,30.503838591878253,-90.52817348888894,26.079464378665786,22,105
AL092021,IDA,2021,22105954600,30.447058950682912,-90.31244150701787,47.37291625316465,22,105
AL092021,IDA,2021,22105953300,30.91994904673812,-90.52534492891829,34.222151291325915,22,105
AL092021,IDA,2021,22105953500,30.77714361886058,-90.36810228511908,49.81883729711298,22,105
AL092021,IDA,2021,22105954800,30.34461637042779,-90.32187805794099,43.24187244458294,22,105
AL092021,IDA,2021,22105953900,30.548614150791387,-90.52407666176681,27.882103205853145,22,105
AL092021,IDA,2021,22105954700,30.362015728365282,-90.46077693349677,28.94788919057421,22,105
AL092021,IDA,2021,22105953200,30.93634285865948,-90.41274975713519,46.84472758056554,22,105
AL092021,IDA,2021,22105954300,30.492632207121613,-90.4771048919483,31.18824473672949,22,105
AL092021,IDA,2021,22071001745,30.058436140593404,-89.96588141174529,72.51030194790292,22,071
AL092021,IDA,2021,22071013400,29.94884924220558,-90.07138625828186,57.90811065989179,22,071
AL092021,IDA,2021,22071013700,29.99398019953954,-90.03304884636793,63.37605581328503,22,071
AL092021,IDA,2021,22071014200,29.917375495293143,-90.08747235783189,55.231492935532955,22,071
AL092021,IDA,2021,22071013800,29.996104990264772,-90.0795734785461,58.4753144503059,22,071
AL092021,IDA,2021,22071014100,29.925149362439974,-90.07068143101142,57.260631076407314,22,071
AL092021,IDA,2021,22071013900,29.940054603820176,-90.0760666918068,57.14038782940723,22,071
AL092021,IDA,2021,22071014400,29.913808729637974,-90.11471625972652,52.215009107464006,22,071
AL092021,IDA,2021,22071014300,29.93984244110017,-90.09250082988815,55.379916406864155,22,071
AL092021,IDA,2021,22057021000,29.73036829791021,-90.48350342874099,7.260824191973992,22,057
AL092021,IDA,2021,22095070600,30.08069947257365,-90.62845649919261,2.4731196798553454,22,095
AL092021,IDA,2021,22109000401,29.617545429063483,-90.73886873351624,23.43452547896753,22,109
AL092021,IDA,2021,22109000402,29.630729135657244,-90.74492151057383,23.678508734295608,22,109
AL092021,IDA,2021,22071000904,29.96363997574814,-90.01525836005922,64.34962328520128,22,071
AL092021,IDA,2021,22071001100,29.966716731830502,-90.0305158379862,62.81502824901517,22,071
AL092021,IDA,2021,22071001302,29.969738093591353,-90.03447193173588,62.48493123548931,22,071
AL092021,IDA,2021,22071001401,29.980516803793,-90.03747160583352,62.49346502025996,22,071
AL092021,IDA,2021,22071001402,29.974706361841548,-90.03681305060489,62.38656818595166,22,071
AL092021,IDA,2021,22071001500,29.975941659348823,-90.04574033628239,61.4714357187051,22,071
AL092021,IDA,2021,22071001600,29.981748075361434,-90.03221643888266,63.09189101592044,22,071
AL092021,IDA,2021,22071001701,30.022215031826534,-90.03952595691226,63.54575350927606,22,071
AL092021,IDA,2021,22071001702,30.00994017565875,-90.03768018589291,63.36844107761677,22,071
AL092021,IDA,2021,22057021400,29.517984682166414,-90.36320808086624,13.623409827083734,22,057
AL092021,IDA,2021,22057021200,29.256336286598277,-90.32828790525619,9.152985663819328,22,057
AL092021,IDA,2021,22057021602,29.542290468925593,-90.48802307934417,1.043191870254773,22,057
AL092021,IDA,2021,22057020800,29.833634146554314,-90.69620638586125,12.291789909778041,22,057
AL092021,IDA,2021,22057021800,29.71246627749299,-90.59666500887222,5.362721014384721,22,057
AL092021,IDA,2021,22057021700,29.634012199618425,-90.54176625426558,1.8958053462063347,22,057
AL092021,IDA,2021,22057020202,29.772255212811864,-90.79027251006666,24.20308013990375,22,057
AL092021,IDA,2021,22057020900,29.747449414247594,-90.66420267375159,11.504181779637738,22,057
AL092021,IDA,2021,22057021100,29.40770975042596,-90.18358730789959,29.431454966370396,22,057
AL092021,IDA,2021,22057021300,29.38696341568905,-90.27908672262747,18.606243155872967,22,057
AL092021,IDA,2021,22057021601,29.646145596205635,-90.6068584795502,8.473047411506872,22,057
AL092021,IDA,2021,22057020100,29.79249213676645,-90.82810824314487,27.624150407060537,22,057
AL092021,IDA,2021,22057020400,29.784882402939648,-90.8159256066869,26.555959440638645,22,057
AL092021,IDA,2021,22071000617,29.898549094279964,-89.99302345900746,64.73785127547448,22,071
AL092021,IDA,2021,22075990000,29.332430181004334,-89.32119225233554,87.21979011094724,22,075
AL092021,IDA,2021,22051021804,30.001691325459035,-90.18079140519484,47.842760303434666,22,051
AL092021,IDA,2021,22051020515,30.017031049836625,-90.27451244951865,38.30776238671515,22,051
AL092021,IDA,2021,22051024202,29.951736884590982,-90.18869979491154,45.47539154874554,22,051
AL092021,IDA,2021,22057020704,29.859448201113604,-90.8322373612467,26.023086453739097,22,057
AL092021,IDA,2021,22057021902,29.718754204416534,-90.69456685368354,15.619958168362283,22,057
AL092021,IDA,2021,22057021901,29.696558586334962,-90.73485602564563,20.596821756918775,22,057
AL092021,IDA,2021,22057990000,29.060149333152584,-90.23864703609114,5.874896997063159,22,057
AL092021,IDA,2021,22057022000,29.79073483115314,-90.8077449461063,25.50438021299549,22,057
AL092021,IDA,2021,22075050800,29.183064809397855,-89.4002343445554,69.29235032442683,22,075
AL092021,IDA,2021,22075050200,29.873470896181807,-89.98586168604669,64.73748556845742,22,075
AL092021,IDA,2021,22075050400,29.473076588779783,-89.85424986554598,56.46063817426731,22,075
AL092021,IDA,2021,22075050600,29.342605887421072,-89.61846002731036,64.68626302719234,22,075
AL092021,IDA,2021,22071980100,30.004500158258942,-89.91571582832496,76.21970615334003,22,071
AL092021,IDA,2021,22071001751,30.030145704673973,-89.9108432378127,77.52179008838108,22,071
AL092021,IDA,2021,22071990000,30.121449745020325,-89.97291469567648,73.6811851760243,22,071
AL092021,IDA,2021,22071001744,30.036487096712797,-89.98666098524828,69.62320042430262,22,071
AL092021,IDA,2021,22075050300,29.8195635679797,-90.02895176339351,58.4946653843466,22,075
AL092021,IDA,2021,22075050500,29.484184829489198,-89.69535054188337,69.7635834850086,22,075
AL092021,IDA,2021,22075050700,29.348163259737856,-89.49394553169233,74.8954547114644,22,075
AL092021,IDA,2021,22103040201,30.597872557214096,-90.19759059889701,64.22977392787172,22,103
AL092021,IDA,2021,22103040602,30.462324865615898,-90.10656134276383,69.81185237156662,22,103
AL092021,IDA,2021,22103040303,30.385560613474052,-90.12550085587557,65.44960150635949,22,103
AL092021,IDA,2021,22105954001,30.55262701355267,-90.46878038139643,33.906197079129555,22,105
AL092021,IDA,2021,22071004600,29.980966551733687,-90.09502253602273,56.36481732225215,22,071
AL092021,IDA,2021,22071000616,29.91542131183276,-89.99373750306013,65.17614411944557,22,071
AL092021,IDA,2021,22071000618,29.9068844914277,-90.00614043780917,63.5920671473517,22,071
AL092021,IDA,2021,22071014000,29.944669239173127,-90.08310216399913,56.5302167038828,22,071
AL092021,IDA,2021,22103040601,30.433095334316928,-90.1319375918893,66.21214001592621,22,103
AL092021,IDA,2021,22051027502,29.923651328084368,-90.2480927790896,38.27998611565553,22,051
AL092021,IDA,2021,22051027601,29.896814523725798,-90.22599387962643,39.82022032720149,22,051
AL092021,IDA,2021,22051027602,29.870929678663853,-90.18747531946185,43.141940192959446,22,051
AL092021,IDA,2021,22051027703,29.855837201100723,-90.11499093074796,50.417907289235266,22,051
AL092021,IDA,2021,22051027803,29.881957334280777,-90.05674069461976,57.43141447719219,22,051
AL092021,IDA,2021,22095070900,30.064035858752927,-90.51039427908212,14.56566005308168,22,095
AL092021,IDA,2021,22095071000,30.049427921090864,-90.47130596083595,18.292068243189192,22,095
AL092021,IDA,2021,22105954002,30.543658789159394,-90.41650831498063,39.21167328445968,22,105
AL092021,IDA,2021,22105954502,30.477290167218058,-90.43047502828574,35.69716997363462,22,105
AL092021,IDA,2021,22071007101,29.96564399488726,-90.10074674211101,55.28663088415118,22,071
AL092021,IDA,2021,22071013500,29.955974990647835,-90.06419155093697,58.8932886132801,22,071
AL092021,IDA,2021,22051027804,29.860057530448092,-90.0370736741937,58.86264540346317,22,051
AL092021,IDA,2021,22051027805,29.85667274353806,-90.05516452479151,56.82860830323718,22,051
AL092021,IDA,2021,22051027806,29.86819500278196,-90.10504051108069,51.85674656694069,22,051
AL092021,IDA,2021,22071001746,30.069122051346305,-89.95145442386763,74.37593886474134,22,071
AL092021,IDA,2021,22051027807,29.864950759805016,-90.09135575428492,53.218379047794706,22,051
AL092021,IDA,2021,22051027809,29.80802349606779,-90.09581139309991,51.006889914558464,22,051
AL092021,IDA,2021,22071001743,30.03015053516065,-90.00401674811204,67.57760706977865,22,071
AL092021,IDA,2021,22071000615,29.919991142690343,-90.00703296102638,63.89648371169391,22,071
AL092021,IDA,2021,22051027811,29.861232221497712,-90.07680906570263,54.65754159939872,22,051
AL092021,IDA,2021,22051027812,29.827244175817395,-90.0729659855748,54.0312773051723,22,051
AL092021,IDA,2021,22071001749,30.041823634222066,-89.92358799956625,76.51765970655846,22,071
AL092021,IDA,2021,22071014500,29.960629056230815,-90.09500607928489,55.74640122897786,22,071
AL092021,IDA,2021,22103040400,30.46895301589864,-90.15377233047154,64.97518251058393,22,103
AL092021,IDA,2021,22103041300,30.36319094679349,-90.08207842591193,69.40189927607189,22,103
AL092021,IDA,2021,22103040304,30.410636853035616,-90.11032124101726,67.83438500435847,22,103
AL092021,IDA,2021,22051022900,29.97866461311458,-90.16973302061238,48.320834773879675,22,051
AL092021,IDA,2021,22051027810,29.858928562278646,-90.08274181649928,53.954096212788954,22,051
AL092021,IDA,2021,22051020505,30.010689974614852,-90.25533913516507,40.16074905294132,22,051
AL092021,IDA,2021,22051025500,29.901542890039202,-90.05624532227986,58.08152797251733,22,051
AL092021,IDA,2021,22051022002,29.987563348429976,-90.16678526129685,48.906805081067915,22,051
AL092021,IDA,2021,22051025800,29.9326943530105,-90.05317394157477,59.35926796943452,22,051
AL092021,IDA,2021,22051020302,30.021921041410533,-90.19240475661799,47.220162954838365,22,051
AL092021,IDA,2021,22051021200,30.00194118846361,-90.23743494971151,41.80486181413253,22,051
AL092021,IDA,2021,22051023003,29.989090198287617,-90.19553760967975,45.884650970796976,22,051
AL092021,IDA,2021,22051024500,29.957222570431632,-90.16343742941343,48.338903304158684,22,051
AL092021,IDA,2021,22051020101,30.018309395259365,-90.1283074627166,53.951079474102436,22,051
AL092021,IDA,2021,22051020102,30.016943418818844,-90.14486503756672,52.14224930139833,22,051
AL092021,IDA,2021,22051020202,30.009291331812467,-90.16251053776905,50.02561683197381,22,051
AL092021,IDA,2021,22051020511,30.0359073496794,-90.25473755469864,40.993935004664706,22,051
AL092021,IDA,2021,22051021400,30.01532119155051,-90.21806228160825,44.28050079151401,22,051
AL092021,IDA,2021,22051022303,30.006661774511915,-90.12427026335047,54.02678329038234,22,051
AL092021,IDA,2021,22051024300,29.957157470029042,-90.17469632773826,47.135265389205344,22,051
AL092021,IDA,2021,22051025003,29.89625265158983,-90.02657549570297,61.08684281628093,22,051
AL092021,IDA,2021,22051020201,30.011517412971017,-90.15586971661843,50.80226830251818,22,051
AL092021,IDA,2021,22051020203,30.014396805627772,-90.17102413740602,49.272654058843244,22,051
AL092021,IDA,2021,22051020301,30.025756766812417,-90.21040884096819,45.41556897196074,22,051
AL092021,IDA,2021,22051020303,30.013903410435333,-90.2004337232274,46.11874810616731,22,051
AL092021,IDA,2021,22051020400,30.024374965517865,-90.21990333270077,44.36009315078928,22,051
AL092021,IDA,2021,22051020502,30.027017391041287,-90.24253749428996,42.024946381420236,22,051
AL092021,IDA,2021,22051020506,30.013027161210996,-90.23372309992374,42.53908057130989,22,051
AL092021,IDA,2021,22051020507,30.017055435085414,-90.2556989729188,40.316452511689,22,051
AL092021,IDA,2021,22051020508,30.033190145132288,-90.2706657578837,39.21107272900472,22,051
AL092021,IDA,2021,22051020512,30.02672575589346,-90.25487014583739,40.69979972815725,22,051
AL092021,IDA,2021,22063040902,30.280682717051143,-90.61006268603593,10.534573969598581,22,063
AL092021,IDA,2021,22063040802,30.335216199403085,-90.7755110444117,5.460643567886936,22,063
AL092021,IDA,2021,22063040100,30.55158529182751,-90.61571592741589,18.192123635189517,22,063
AL092021,IDA,2021,22051021801,30.009252445825034,-90.18440162692265,47.68801352373063,22,051
AL092021,IDA,2021,22051020513,30.029953831402263,-90.23517014140114,42.900801698403725,22,051
AL092021,IDA,2021,22051020514,30.02990882224061,-90.2277617508285,43.6901204763403,22,051
AL092021,IDA,2021,22051020600,30.003185535275264,-90.26231518572072,39.18736033726232,22,051
AL092021,IDA,2021,22051020700,29.981686072114247,-90.2661586300489,38.12154715823753,22,051
AL092021,IDA,2021,22051021000,29.98509788487088,-90.24245412723296,40.755548761454705,22,051
AL092021,IDA,2021,22051021100,29.99389262814048,-90.23944540747651,41.344854187040504,22,051
AL092021,IDA,2021,22051021300,30.004953076128405,-90.22540044679927,43.181138817746216,22,051
AL092021,IDA,2021,22051021500,30.00843638093947,-90.21611626928546,44.278251322606074,22,051
AL092021,IDA,2021,22051021600,29.999264093343715,-90.20643754612699,45.03155314514457,22,051
AL092021,IDA,2021,22051021700,30.00655647639827,-90.19820554196649,46.132522277852964,22,051
AL092021,IDA,2021,22051021900,30.001048752395068,-90.16834183651554,49.15189763632709,22,051
AL092021,IDA,2021,22051022001,29.997316168010634,-90.16220054743937,49.693530652697476,22,051
AL092021,IDA,2021,22051022101,30.00808182556145,-90.14780112937602,51.55865686892343,22,051
AL092021,IDA,2021,22051022102,29.997245070158208,-90.15073935539904,50.91460596986905,22,051
AL092021,IDA,2021,22051022400,29.992752785633414,-90.13273018599666,52.69972153251698,22,051
AL092021,IDA,2021,22051022200,30.0064354888307,-90.13909351487816,52.43780976743102,22,051
AL092021,IDA,2021,22051022301,30.00749374966366,-90.1300945393341,53.430533505474166,22,051
AL092021,IDA,2021,22051022302,29.99720261530155,-90.128226657508,53.31607264400629,22,051
AL092021,IDA,2021,22051023300,29.986673852719278,-90.20643987235704,44.647377501932255,22,051
AL092021,IDA,2021,22051022500,29.993880320292508,-90.14238979209705,51.70314299784911,22,051
AL092021,IDA,2021,22051022600,29.98244871963163,-90.14372911982976,51.21160192917677,22,051
AL092021,IDA,2021,22051022700,29.98587484890128,-90.15209449152076,50.42324939146366,22,051
AL092021,IDA,2021,22051022800,29.984287809812805,-90.15942957894862,49.591986443358934,22,051
AL092021,IDA,2021,22051023001,29.98801008635923,-90.17379818897255,48.17194406041154,22,051
AL092021,IDA,2021,22051023002,29.988642991974405,-90.18379750752233,47.12402506157362,22,051
AL092021,IDA,2021,22051023100,29.979503506859338,-90.18374613075571,46.85080858845288,22,051
AL092021,IDA,2021,22051023200,29.980649747717575,-90.20135013067053,45.00690201733685,22,051
AL092021,IDA,2021,22051023400,29.992193909135867,-90.20996685565459,44.43927439349673,22,051
AL092021,IDA,2021,22051023902,29.96131327819689,-90.21266700584412,43.2094142812327,22,051
AL092021,IDA,2021,22051023500,29.991445241201372,-90.22459061691401,42.855662750901914,22,051
AL092021,IDA,2021,22051023600,29.982630048222294,-90.22449818883102,42.596716629271924,22,051
AL092021,IDA,2021,22051023700,29.97660555559934,-90.2235422770943,42.51502913390365,22,051
AL092021,IDA,2021,22051023800,29.96892725658876,-90.23112255725219,41.47184981675957,22,051
AL092021,IDA,2021,22051023901,29.951750004623857,-90.20912692993797,43.29562070605554,22,051
AL092021,IDA,2021,22051023903,29.968438183014072,-90.21781259772308,42.8774967611286,22,051
AL092021,IDA,2021,22051023904,29.9504766119848,-90.22119237864062,41.96905463017044,22,051
AL092021,IDA,2021,22071000300,29.94094984949021,-90.04899127584905,60.057423844095844,22,071
AL092021,IDA,2021,22051024001,29.942040850130265,-90.2066652848437,43.262278618776634,22,051
AL092021,IDA,2021,22051024002,29.931323532225022,-90.2028316642164,43.344623344551096,22,051
AL092021,IDA,2021,22051024100,29.949227710319356,-90.20143744351691,44.03939816215343,22,051
AL092021,IDA,2021,22071000604,29.932631642595513,-90.01996939568636,62.901248905894754,22,071
AL092021,IDA,2021,22071009600,29.92025985875457,-90.08981464279128,55.06945874333594,22,071
AL092021,IDA,2021,22071004401,29.96870445185182,-90.07784514676901,57.824224589168345,22,071
AL092021,IDA,2021,22071000200,29.94589454489505,-90.05235260551899,59.84945572318874,22,071
AL092021,IDA,2021,22071000400,29.94633186624601,-90.04248379808678,60.91608092979113,22,071
AL092021,IDA,2021,22051025001,29.893604937620324,-90.01732391986373,61.99351620806327,22,051
AL092021,IDA,2021,22071000601,29.93278275795816,-90.04095267496292,60.66632929137913,22,071
AL092021,IDA,2021,22071000603,29.930066610303033,-90.02552742926298,62.22982645042314,22,071
AL092021,IDA,2021,22051024400,29.966593462613186,-90.16745629142909,48.19572995407035,22,051
AL092021,IDA,2021,22051024600,29.968849142158806,-90.15653842916814,49.42976899640906,22,051
AL092021,IDA,2021,22051024700,29.962156342453696,-90.15178693859117,49.73280104912786,22,051
AL092021,IDA,2021,22051024800,29.976398860010434,-90.13612954280774,51.83821369460097,22,051
AL092021,IDA,2021,22051024900,29.96100169538179,-90.1400044250578,50.9551289398885,22,051
AL092021,IDA,2021,22071005602,30.011877806198232,-90.10343053872718,56.41004746228765,22,071
AL092021,IDA,2021,22051025002,29.91162030935313,-90.02836958587962,61.363983132414035,22,051
AL092021,IDA,2021,22051025102,29.883460573832206,-90.03887848196828,59.38367325168461,22,051
AL092021,IDA,2021,22051025103,29.881346053147066,-90.02697038294714,60.59013434649014,22,051
AL092021,IDA,2021,22071006000,29.95692690405285,-90.086991479043,56.48889917016989,22,071
AL092021,IDA,2021,22071006300,29.965933916064085,-90.09213201136647,56.21491471400295,22,071
AL092021,IDA,2021,22071006500,29.975622030430984,-90.10762726814913,54.85654879905514,22,071
AL092021,IDA,2021,22071005603,30.000532528304205,-90.11239092216626,55.10774986392386,22,071
AL092021,IDA,2021,22071005604,29.999033241331766,-90.10493775287567,55.85750102344137,22,071
AL092021,IDA,2021,22051025900,29.91957877083788,-90.06135610479359,58.08604542138032,22,051
AL092021,IDA,2021,22071013302,30.031374681706975,-90.06025310157463,61.61287758525658,22,071
AL092021,IDA,2021,22071008400,29.93585914047481,-90.08132863878281,56.45084800935325,22,071
AL092021,IDA,2021,22071013000,29.95253919503355,-90.12802252879784,51.97589077311533,22,071
AL092021,IDA,2021,22051025104,29.871945859768573,-90.02865333082568,60.12386481439893,22,051
AL092021,IDA,2021,22051025201,29.91670757071324,-90.03778913991351,60.5137732377107,22,051
AL092021,IDA,2021,22051025202,29.902809435931875,-90.03645638280088,60.23220693224006,22,051
AL092021,IDA,2021,22051025300,29.909320997574767,-90.04639681725871,59.369836585570226,22,051
AL092021,IDA,2021,22051025400,29.895599806062997,-90.04910577229558,58.66229746080481,22,051
AL092021,IDA,2021,22051025600,29.913322764958988,-90.05647225055542,58.41652414691288,22,051
AL092021,IDA,2021,22051025700,29.923530723965303,-90.04647109623639,59.79522089159601,22,051
AL092021,IDA,2021,22051026000,29.908972772143564,-90.07484821285358,56.32262428241439,22,051
AL092021,IDA,2021,22051026100,29.896412146278006,-90.06438872609363,57.055932206542415,22,051
AL092021,IDA,2021,22051026200,29.88560545984841,-90.07151443350689,55.965871868419924,22,051
AL092021,IDA,2021,22051026300,29.896880533926243,-90.08407798523311,54.968797187352294,22,051
AL092021,IDA,2021,22093040600,29.982550823425385,-90.72645556395364,10.979187348426485,22,093
AL092021,IDA,2021,22093040300,30.05600144495227,-90.73378652970943,9.52180857968902,22,093
AL092021,IDA,2021,22093040100,30.1084615535456,-90.68460706570288,2.673204863661729,22,093
AL092021,IDA,2021,22071006900,29.951836826866817,-90.09159690776805,55.84214859548401,22,071
AL092021,IDA,2021,22071007000,29.95942175222056,-90.10156635376691,55.009413072973324,22,071
AL092021,IDA,2021,22093040500,29.988298055875937,-90.86975986533545,26.09867843354359,22,093
AL092021,IDA,2021,22093040700,29.926146429003314,-90.6971883588634,9.575521339420268,22,093
AL092021,IDA,2021,22093040400,30.079670613494176,-90.8083481284892,16.75793655533159,22,093
AL092021,IDA,2021,22093040200,30.050849872644314,-90.70347625908354,6.443911190125757,22,093
AL092021,IDA,2021,22051026400,29.88770494377111,-90.08827038925112,54.24154457482896,22,051
AL092021,IDA,2021,22051026500,29.889132835355813,-90.09524947296399,53.54021503575036,22,051
AL092021,IDA,2021,22051026600,29.903455295271954,-90.09563555933124,53.93575810279448,22,051
AL092021,IDA,2021,22051026700,29.890494685206367,-90.10401253589825,52.6464690165205,22,051
AL092021,IDA,2021,22051026800,29.889682007567036,-90.11078460301852,51.89891016491691,22,051
AL092021,IDA,2021,22051026900,29.899794958614006,-90.11630972756508,51.61760305947478,22,051
AL092021,IDA,2021,22051027000,29.892517947331573,-90.12635223469631,50.32386921631739,22,051
AL092021,IDA,2021,22051027100,29.892085611038773,-90.14599143363826,48.214610363301546,22,051
AL092021,IDA,2021,22051027200,29.903335340439835,-90.14163234101527,49.02290240622305,22,051
AL092021,IDA,2021,22051027501,29.94828720449529,-90.24733129576272,39.11250611884078,22,051
AL092021,IDA,2021,22071000605,29.947245393498033,-90.02655714994542,62.64377581998857,22,071
AL092021,IDA,2021,22071000606,29.934512844896744,-90.00897346037944,64.13220129269149,22,071
AL092021,IDA,2021,22071000607,29.928417043389747,-89.99491860509127,65.44637851938946,22,071
AL092021,IDA,2021,22071000611,29.918963149264847,-89.97785270480976,66.97952021542886,22,071
AL092021,IDA,2021,22071000612,29.90145377936691,-89.93534937658153,70.9819331403905,22,071
AL092021,IDA,2021,22071000613,29.92058507969839,-90.0255967481329,61.9332978829992,22,071
AL092021,IDA,2021,22071007200,29.961272166936507,-90.11041593113494,54.121331760143796,22,071
AL092021,IDA,2021,22071007501,29.969328232349095,-90.12382688785455,52.935653661760604,22,071
AL092021,IDA,2021,22071007502,29.9652971317796,-90.12039501057579,53.17901047176907,22,071
AL092021,IDA,2021,22071007604,29.986109396857465,-90.11947250220076,53.912119165985345,22,071
AL092021,IDA,2021,22071007605,29.971673323732585,-90.11307574828118,54.15462506062804,22,071
AL092021,IDA,2021,22071000702,29.954518549911274,-90.01725298928602,63.85858901520053,22,071
AL092021,IDA,2021,22071000901,29.966883002266076,-90.00499145771813,65.54429412647696,22,071
AL092021,IDA,2021,22071000902,29.97434492134758,-90.01094169218595,65.13677470842953,22,071
AL092021,IDA,2021,22071000903,29.968637790275224,-90.01329149579645,64.7119486343101,22,071
AL092021,IDA,2021,22051021803,29.996231629066415,-90.17967296731517,47.79564200826111,22,051
AL092021,IDA,2021,22063040901,30.4070187974831,-90.62725872926823,12.551752897902734,22,063
AL092021,IDA,2021,22087030601,29.96018043956717,-89.97921851270993,68.09063060135762,22,087
AL092021,IDA,2021,22087030602,29.949374192025793,-89.98239424038451,67.4221616590831,22,087
AL092021,IDA,2021,22087030603,29.9557106184521,-89.96936087424282,69.00642512957147,22,087
AL092021,IDA,2021,22051020517,30.04494725019632,-90.26225527747646,40.4672379160321,22,051
AL092021,IDA,2021,22051980000,29.991871112007285,-90.26115952038313,38.96568099138339,22,051
AL092021,IDA,2021,22105954501,30.465054285214666,-90.4617333226441,31.987876991539082,22,105
AL092021,IDA,2021,22087030203,29.931329595494322,-89.9546974754311,69.82796132490928,22,087
AL092021,IDA,2021,22087030206,29.944878433057102,-89.93979992082556,71.83112365202116,22,087
AL092021,IDA,2021,22087030207,29.947142725751668,-89.95009750787712,70.80111829840628,22,087
AL092021,IDA,2021,22087030209,29.926046167926604,-89.92405081075759,72.93774096774413,22,087
AL092021,IDA,2021,22087030300,29.958422612526178,-90.0037543310909,65.41834010286408,22,087
AL092021,IDA,2021,22087030400,29.942370461678156,-89.98861124507252,66.54505391251429,22,087
AL092021,IDA,2021,22071001720,30.020267888261575,-90.02291049870907,65.25973109233857,22,071
AL092021,IDA,2021,22071001723,30.02057047960515,-89.97925847272481,69.92790231295201,22,071
AL092021,IDA,2021,22071001724,30.041456606614226,-90.023294228297,65.86490569155,22,071
AL092021,IDA,2021,22071001725,30.043442573101387,-89.99599160688818,68.83945164266129,22,071
AL092021,IDA,2021,22071001730,30.087811988900945,-89.89829466024638,80.61956748603066,22,071
AL092021,IDA,2021,22087030700,29.94063687645763,-89.9669433011125,68.80479130496859,22,087
AL092021,IDA,2021,22071007700,29.93522290444517,-90.06530741566593,58.14137825551847,22,071
AL092021,IDA,2021,22087030800,29.950434826729317,-89.96212797124325,69.61750654673024,22,087
AL092021,IDA,2021,22087030500,29.961403538516162,-89.99179563996547,66.7855816315793,22,087
AL092021,IDA,2021,22087030103,29.87553550071537,-89.88866415230834,75.17425466627387,22,087
AL092021,IDA,2021,22087030204,29.95559174808273,-89.89890720376519,76.52226123249719,22,087
AL092021,IDA,2021,22087030104,29.8671569609121,-89.82424416567397,81.79425003880769,22,087
AL092021,IDA,2021,22087030208,29.936300256925477,-89.91508021798143,74.20785343657454,22,087
AL092021,IDA,2021,22071008200,29.932534415857376,-90.07654123110332,56.86041969813794,22,071
AL092021,IDA,2021,22071008500,29.93938059236228,-90.08457438233005,56.211815845875975,22,071
AL092021,IDA,2021,22071008800,29.92466540550244,-90.07993545926826,56.258198625979944,22,071
AL092021,IDA,2021,22071001735,30.02469562003753,-90.00208259796325,67.61769485865976,22,071
AL092021,IDA,2021,22071001736,30.029589965405567,-89.9810948454264,70.00694840803973,22,071
AL092021,IDA,2021,22071001739,30.043157057409072,-89.97278630574476,71.30742737077483,22,071
AL092021,IDA,2021,22071001740,30.055684968809885,-89.95303081732685,73.79794071568968,22,071
AL092021,IDA,2021,22071001741,30.036969886896134,-89.93482049459479,75.17081457748047,22,071
AL092021,IDA,2021,22071002000,29.975968539821295,-90.05283249492051,60.715315291864734,22,071
AL092021,IDA,2021,22071002200,29.981451789330574,-90.0492401414577,61.26593061122456,22,071
AL092021,IDA,2021,22071002300,29.988282477719956,-90.05660694658832,60.68797302156769,22,071
AL092021,IDA,2021,22071002401,29.995185198219584,-90.05535043484667,61.032571332902094,22,071
AL092021,IDA,2021,22071002503,30.007288132956102,-90.0568663647938,61.239844844639485,22,071
AL092021,IDA,2021,22071002402,29.998629766648797,-90.04989824591051,61.71951769370443,22,071
AL092021,IDA,2021,22071002501,30.0192833309089,-90.05745924219246,61.54234964748669,22,071
AL092021,IDA,2021,22071002502,30.01986789233483,-90.05052621364113,62.30013159100689,22,071
AL092021,IDA,2021,22071003303,30.020338049690928,-90.06581343993697,60.68287579708682,22,071
AL092021,IDA,2021,22071002504,30.00810717965624,-90.04987734388158,62.01075321025306,22,071
AL092021,IDA,2021,22071002900,29.975758054472095,-90.06099194726568,59.83804526203701,22,071
AL092021,IDA,2021,22071002600,29.965612344529166,-90.05925041101703,59.71453422225762,22,071
AL092021,IDA,2021,22071002700,29.970748824262056,-90.06077738708613,59.708193396955224,22,071
AL092021,IDA,2021,22071002800,29.9790288580523,-90.0669985947232,59.296700867566436,22,071
AL092021,IDA,2021,22071003000,29.9810103362163,-90.0614723417233,59.946936482869525,22,071
AL092021,IDA,2021,22071003301,30.01621722015871,-90.0773514333593,59.3257747099391,22,071
AL092021,IDA,2021,22071003302,30.0059909897207,-90.07801030758802,58.94361448498852,22,071
AL092021,IDA,2021,22071009400,29.947172301218554,-90.09636341866762,55.19118264373933,22,071
AL092021,IDA,2021,22071009000,29.928100628454466,-90.08487841780087,55.83539466679517,22,071
AL092021,IDA,2021,22071009100,29.932388101353673,-90.08745501952876,55.69113852575845,22,071
AL092021,IDA,2021,22071009200,29.935876392070924,-90.08961304442145,55.567186440402935,22,071
AL092021,IDA,2021,22071009700,29.919262791127252,-90.09738779503476,54.23077795426721,22,071
AL092021,IDA,2021,22071009900,29.924357105906026,-90.09516183333656,54.62369923758492,22,071
AL092021,IDA,2021,22005030103,30.27899075434615,-90.84318430958407,14.397895454342233,22,005
AL092021,IDA,2021,22005030500,30.200402465839193,-90.77062538923376,9.05021778796847,22,005
AL092021,IDA,2021,22071010900,29.930206460671307,-90.10713416953205,53.5242723624791,22,071
AL092021,IDA,2021,22071003304,30.01224652858652,-90.06530224500845,60.49069199121078,22,071
AL092021,IDA,2021,22071003307,29.997370258853483,-90.071121874408,59.41593020283336,22,071
AL092021,IDA,2021,22071003308,29.99925768340542,-90.06420627282937,60.21158174727817,22,071
AL092021,IDA,2021,22071003400,29.97065909414413,-90.06670257890147,59.07306642812957,22,071
AL092021,IDA,2021,22071010300,29.94474810801844,-90.100751712061,54.64890032697223,22,071
AL092021,IDA,2021,22071010700,29.92329666830341,-90.10532333171822,53.50683403719764,22,071
AL092021,IDA,2021,22071011100,29.937030124887507,-90.10700682953164,53.74594437854113,22,071
AL092021,IDA,2021,22071011200,29.943434654767866,-90.10621020217553,54.02626776928305,22,071
AL092021,IDA,2021,22071010200,29.937530652942005,-90.09938693920205,54.574471984020555,22,071
AL092021,IDA,2021,22071011500,29.92341925445658,-90.12437978149278,51.47669334240041,22,071
AL092021,IDA,2021,22071010000,29.93127591041727,-90.09419752450593,54.93760144478401,22,071
AL092021,IDA,2021,22071010100,29.930434376665833,-90.0994408596359,54.35232293201268,22,071
AL092021,IDA,2021,22071011600,29.924005238936733,-90.1173370659088,52.24622548525912,22,071
AL092021,IDA,2021,22071011700,29.93164466312746,-90.11712938498592,52.50134804187838,22,071
AL092021,IDA,2021,22071006400,29.96998851122985,-90.09962626921124,55.53869989122475,22,071
AL092021,IDA,2021,22071011900,29.940091528677446,-90.11355074376559,53.140872506632384,22,071
AL092021,IDA,2021,22071012000,29.926012166082245,-90.13052279212506,50.90012335317964,22,071
AL092021,IDA,2021,22071012101,29.94619520822423,-90.11799826291822,52.852318411411304,22,071
AL092021,IDA,2021,22071012102,29.938997362183734,-90.12221161479154,52.18313947034463,22,071
AL092021,IDA,2021,22071003500,29.97508284320773,-90.07078921811001,58.77180086946763,22,071
AL092021,IDA,2021,22071003701,29.988604006558344,-90.08187909986127,58.000502092074,22,071
AL092021,IDA,2021,22071003702,29.983170866042865,-90.07781630541604,58.26844229066657,22,071
AL092021,IDA,2021,22071003800,29.961128612769173,-90.05998459656149,59.49944809820487,22,071
AL092021,IDA,2021,22071003900,29.964121195944596,-90.06916110409341,58.61130314082208,22,071
AL092021,IDA,2021,22071004000,29.97115404502046,-90.07456752198014,58.248740728538195,22,071
AL092021,IDA,2021,22071004100,29.977998868505413,-90.08421696292125,57.42759037662109,22,071
AL092021,IDA,2021,22071004500,29.973391729373517,-90.08649209519123,57.04427711576375,22,071
AL092021,IDA,2021,22071001737,30.05120364610361,-89.97822162346237,70.97269352561872,22,071
AL092021,IDA,2021,22071000701,29.97142703409975,-90.02164236584404,63.905722631241474,22,071
AL092021,IDA,2021,22071001301,29.969239423360644,-90.04125299736765,61.74598733643855,22,071
AL092021,IDA,2021,22071012200,29.948358218481324,-90.11231277042243,53.52508517191211,22,071
AL092021,IDA,2021,22071010600,29.91848089224144,-90.11197254671451,52.65031642514156,22,071
AL092021,IDA,2021,22071004900,29.96256647355879,-90.08222391157001,57.16971092056993,22,071
AL092021,IDA,2021,22071005400,29.97881181478707,-90.10130926523925,55.62813335937856,22,071
AL092021,IDA,2021,22071005500,29.98890649008434,-90.10956781482719,55.054532798763304,22,071
AL092021,IDA,2021,22071005601,30.012655907849908,-90.1112709526615,55.59697415016517,22,071
AL092021,IDA,2021,22071012600,29.942877906507952,-90.12914532748432,51.56144364553548,22,071
AL092021,IDA,2021,22071012300,29.950670898809275,-90.10555717270866,54.31662740740703,22,071
AL092021,IDA,2021,22071012400,29.954735902672134,-90.109997877733,53.96663310991621,22,071
AL092021,IDA,2021,22071012500,29.933904774743134,-90.13517486083872,50.644289540762315,22,071
AL092021,IDA,2021,22071012800,29.955276430290592,-90.11760724905076,53.170974188457,22,071
AL092021,IDA,2021,22071012900,29.94695236604617,-90.1353054310099,51.02822773520941,22,071
AL092021,IDA,2021,22071013100,29.955409519684878,-90.13245666502867,51.59016695555422,22,071
AL092021,IDA,2021,22071013200,29.95886910690511,-90.12448990368362,52.54594949645198,22,071
AL092021,IDA,2021,22071013301,30.026004052375782,-90.09778250528775,57.44362370609284,22,071
AL092021,IDA,2021,22091951100,30.910457825126333,-90.71031718828353,13.699466737347098,22,091
AL092021,IDA,2021,22091951200,30.732923217974278,-90.71034176325519,11.520554246096872,22,091
AL092021,IDA,2021,22051027901,29.721894744396728,-90.13563973400662,44.12963057137073,22,051
AL092021,IDA,2021,22051028100,29.973617499455873,-90.25858470928507,38.68386192622838,22,051
AL092021,IDA,2021,22105954200,30.510202281868875,-90.47315260445745,32.145851706995884,22,105
AL092021,IDA,2021,22105954400,30.503660642403872,-90.45463053406239,33.923215638656764,22,105
AL092021,IDA,2021,22051990100,29.189137067536848,-89.98040865965102,24.231738534470608,22,051
AL092021,IDA,2021,22071007606,30.0158651634136,-90.11803619851877,54.972788339090066,22,071
AL092021,IDA,2021,22057020500,29.777961345560666,-90.84219179113641,29.570378232272162,22,057
AL092021,IDA,2021,22057020600,29.795671987798404,-90.84350866851601,29.1708583215747,22,057
AL092021,IDA,2021,22057021500,29.571496301908827,-90.3760267003517,13.887075111235628,22,057
AL092021,IDA,2021,22071980000,30.001495646714684,-90.09309145370102,57.19693526303557,22,071
AL092021,IDA,2021,22071001200,29.96265257618233,-90.04655690497911,60.9790461264008,22,071
AL092021,IDA,2021,22071012700,29.94808240221045,-90.12437678956309,52.22909181083476,22,071
AL092021,IDA,2021,22071004800,29.959662163727657,-90.07372306303553,57.988435173284415,22,071
AL092021,IDA,2021,22071002100,29.980542610759905,-90.05472718406054,60.652578640855545,22,071
AL092021,IDA,2021,22071003100,29.984827821012956,-90.06536904779061,59.64745487852567,22,071
AL092021,IDA,2021,22071001722,30.01711197911919,-90.0013847158553,67.46092333963784,22,071
AL092021,IDA,2021,22095070400,30.092865677167747,-90.49605638420184,16.975069289595968,22,095
AL092021,IDA,2021,22095070100,30.18934310215266,-90.40700964596235,29.42093965923786,22,095
AL092021,IDA,2021,22095070200,30.08409753732447,-90.46798834767574,19.703371147348584,22,095
AL092021,IDA,2021,22095071100,29.97416556137888,-90.5981440775112,2.4596890256116017,22,095
AL092021,IDA,2021,22095070800,30.05836703817203,-90.5339470855318,11.879023576733335,22,095
AL092021,IDA,2021,22095070300,30.085803453280676,-90.48520353041549,17.918029463750646,22,095
AL092021,IDA,2021,22095070700,30.073021603916732,-90.57971312558412,7.441329638501222,22,095
AL092021,IDA,2021,22095070500,30.093484957215097,-90.53611431878863,12.718604006144995,22,095
AL092021,IDA,2021,22071004402,29.965729169648103,-90.07765895684217,57.75336809332986,22,071
AL092021,IDA,2021,22071001800,29.964646739549547,-90.05396314831177,60.24939411801963,22,071
AL092021,IDA,2021,22071001900,29.971492841919186,-90.05335515813695,60.52304975264454,22,071
AL092021,IDA,2021,22071007800,29.935141676366147,-90.072621121302,57.358315637031005,22,071
AL092021,IDA,2021,22071008300,29.929124127550757,-90.07823185130576,56.575987741360336,22,071
AL092021,IDA,2021,22071010800,29.923887808219373,-90.11164581959771,52.85006647548018,22,071
AL092021,IDA,2021,22051027902,29.489747047446297,-90.04545464325619,46.366380707068835,22,051
AL092021,IDA,2021,22051028000,29.78771135979135,-90.14772682233729,44.84660065342363,22,051
AL092021,IDA,2021,22103990000,30.25243018982607,-90.04476417555624,70.00687427598095,22,103
AL092021,IDA,2021,22103041208,30.391209427900733,-90.06703937158566,71.86140171348441,22,103
AL092021,IDA,2021,22103041209,30.377629559545305,-90.06270894901033,71.90947895015448,22,103
AL092021,IDA,2021,22103041211,30.366799499068698,-90.04169936928088,73.82156135490958,22,103
AL092021,IDA,2021,22103041207,30.409723378502427,-90.06462030126849,72.68415229845014,22,103
AL092021,IDA,2021,22103040305,30.45722764918617,-90.20919764629936,58.702131347492596,22,103
AL092021,IDA,2021,22071005000,29.971533282706922,-90.09263285062475,56.332207901058254,22,071
AL092021,IDA,2021,22071000100,29.95310684986112,-90.05207396992647,60.09912661902688,22,071
AL092021,IDA,2021,22071000602,29.93749457717511,-90.03345208400845,61.610543478023956,22,071
AL092021,IDA,2021,28029950600,31.77221353125559,-90.55973806039106,17.8015543138594,28,029
AL092021,IDA,2021,28029950300,31.949409937793966,-90.555183773102,8.482015590937637,28,029
AL092021,IDA,2021,28005950300,31.07952736059379,-90.80783393893348,5.013749425206664,28,005
AL092021,IDA,2021,28005950100,31.24912127287516,-90.69009957506064,20.081198428294222,28,005
AL092021,IDA,2021,28113950300,31.24772476176426,-90.44627043070768,46.9635782235025,28,113
AL092021,IDA,2021,28113950700,31.053096965131612,-90.41084100334159,48.48646347930748,28,113
AL092021,IDA,2021,28113950102,31.307061543769574,-90.47377058400963,44.65707551517628,28,113
AL092021,IDA,2021,28037950100,31.476674265242572,-90.7771675985917,13.122552692994288,28,037
AL092021,IDA,2021,28085950600,31.56610164046628,-90.45239012946472,39.49808490135335,28,085
AL092021,IDA,2021,28085950400,31.442222483087534,-90.5392860599381,37.94569194985025,28,085
AL092021,IDA,2021,28085950200,31.62275470830931,-90.5922670517196,22.89748307333615,28,085
AL092021,IDA,2021,28113950400,31.259699306452863,-90.47544430940914,43.89186675701026,28,113
AL092021,IDA,2021,28113950200,31.27095736066436,-90.42276095918837,49.841951713762676,28,113
AL092021,IDA,2021,28113950500,31.201728289402467,-90.50060918017444,40.40504777521505,28,113
